-500,-500,-500,-500,-500,-500,-500,-500,-500,-500,-500,-463,-500,-500,-372,-500,-382,-372,-292,-437,-387,-500,-500,-313,-500,-500,-314,-500,-500,-500,-500,-500,-500,-500,-500,-500,-500,-500,-500,-362,-368,-500,-372,-351,-309,-500,-403,-302,-332,-381,-273,-251,-207,-251,-236,-188,-237,-143,-240,-204,-265,-233,-224,-256,-241,-302,-176,-182,-203,-266,-223,-254,-273,-195,-263,-286,-202,-226,-139,-191,-200,-133,-181,-140,-132,-163,-123,-141,-166,-162,-187,-151,-315,-208,-163,-156,-93,-99,-141,-152,-134,-144,-262,-138,-127,-128,-126,-157,-191,-163,-112,-146,-144,-197,-152,-120,-222,-273,-186,-113,-133,-122,-141,-99,-137,-116,-171,-131,-131,-185,-130,-168,-97,-122,-126,-102,-225,-136,-129,-184,-150,-141,-115,-144,-181,-138,-156,-158,-152,-131,-122,-138,-117,-194,-135,-101,-113,-122,-195,-134,-145,-116,-161,-162,-153,-166,-217,-228,-338,-178,-190,-151,-126,-162,-161,-162,-123,-141,-120,-121,-145,-180,-194,-117,-159,-112,-144,-121,-106,-142,-134,-108,-110,-146,-106,-122,-150,-94,-106,-124,-109,-121,-195,-100,-113,-145,-126,-119,-144,-97,-70,-112,-118,-125,-117,-122,-118,-120,-124,-97,-103,-141,-229,-105,-106,-115,-147,-98,-147,-100,-96,-123,-101,-124,-102,-116,-99,-118,-113,-111,-89,-101,-98,-94,-150,-110,-98,-162,-181,-103,-94,-117,-209,-162,-100,-101,-114,-115,-108,-96,-131,-112,-188,-123,-116,-109,-137,-116,-110,-109,-120,-89,-132,-122,-82,-110,-110,-117,-220,-100,-113,-107,-82,-103,-99,-123,-131,-102,-113,-100,-142,-91,-112,-190,-86,-123,-113,-89,-101,-91,-131,-100,-88,-102,-105,-83,-83,-98,-83,-91,-103,-83,-113,-83,-196,-148,-203,-124,-114,-116,-127,-125,-116,-103,-138,-106,-81,-93,-132,-99,-101,-95,-170,-102,-119,-108,-83,-84,-86,-131,-90,-95,-83,-87,-100,-111,-143,-86,-151,-144,-218,-100,-96,-112,-93,-110,-148,-102,-129,-82,-81,-90,-84,-82,-120,-101,-120,-82,-129,-107,-95,-92,-119,-102,-75,-70,-104,-130,-121,-100,-96,-107,-79,-99,-81,-134,-120,-78,-95,-88,-115,-100,-143,-97,-104,-249,-89,-89,-118,-97,-100,-115,-115,-90,-108,-89,-110,-80,-92,-102,-95,-113,-127,-96,-88,-98,-90,-140,-88,-111,-99,-87,-109,-91,-89,-95,-90,-87,-97,-116,-200,-112,-108,-90,-71,-97,-105,-109,-77,-136,-84,-118,-126,-105,-91,-153,-82,-88,-93,-244,-126,-82,-95,-104,-82,-121,-71,-89,-72,-113,-84,-101,-86,-91,-78,-112,-112,-115,-103,-90,-118,-82,-97,-87,-96,-103,-91,-109,-207,-85,-83,-81,-100,-106,-86,-169,-150,-91,-84,-99,-151,-90,-84,-84,-109,-110,-85,-96,-278,-85
-500,-500,-500,-500,-500,-500,-500,-442,-500,-500,-500,-500,-500,-500,-500,-500,-500,-500,-500,-500,-500,-500,-500,-500,-500,-500,-500,-500,-500,-500,-500,-500,-500,-500,-500,-500,-500,-500,-500,-500,-500,-500,-500,-500,-500,-500,-500,-500,-500,-500,-500,-500,-500,-500,-500,-500,-500,-500,-500,-500,-500,-500,-500,-500,-500,-500,-500,-500,-500,-500,-500,-500,-500,-500,-500,-449,-500,-500,-500,-500,-500,-500,-500,-500,-500,-500,-381,-500,-500,-500,-500,-500,-500,-500,-500,-500,-500,-500,-500,-500,-500,-500,-500,-500,-500,-500,-500,-500,-500,-500,-500,-500,-500,-500,-500,-500,-500,-500,-500,-500,-500,-500,-443,-500,-500,-500,-500,-500,-500,-500,-500,-500,-478,-500,-500,-500,-500,-488,-362,-339,-500,-500,-500,-500,-500,-500,-500,-385,-500,-500,-500,-500,-500,-500,-500,-500,-500,-500,-500,-500,-500,-500,-500,-500,-500,-357,-500,-500,-500,-500,-500,-500,-500,-500,-500,-500,-500,-500,-500,-500,-500,-500,-500,-500,-500,-500,-500,-500,-500,-500,-500,-500,-500,-500,-500,-500,-500,-500,-500,-500,-500,-500,-500,-500,-500,-500,-500,-500,-500,-500,-500,-500,-500,-500,-500,-500,-500,-500,-500,-500,-500,-500,-500,-500,-500,-500,-500,-500,-500,-500,-500,-500,-500,-500,-500,-500,-500,-500,-500,-500,-500,-500,-500,-500,-500,-500,-500,-500,-500,-500,-500,-500,-500,-500,-500,-500,-500,-500,-500,-500,-500,-500,-500,-500,-500,-500,-500,-500,-500,-500,-500,-500,-500,-500,-500,-500,-500,-500,-500,-500,-500,-500,-500,-500,-500,-500,-500,-500,-500,-500,-500,-500,-500,-500,-500,-500,-500,-500,-500,-500,-500,-500,-500,-500,-500,-500,-500,-500,-500,-500,-500,-500,-500,-500,-500,-500,-500,-500,-500,-500,-500,-500,-500,-500,-500,-500,-500,-500,-500,-500,-500,-500,-500,-500,-500,-500,-500,-500,-500,-500,-500,-500,-500,-500,-500,-500,-500,-500,-500,-500,-500,-500,-500,-500,-500,-500,-500,-500,-500,-500,-500,-500,-500,-500,-500,-500,-500,-500,-500,-500,-500,-500,-500,-500,-500,-500,-500,-500,-500,-500,-500,-500,-500,-500,-500,-500,-500,-500,-500,-500,-500,-500,-500,-500,-500,-500,-500,-500,-500,-500,-500,-500,-500,-500,-500,-500,-500,-500,-500,-500,-500,-500,-500,-500,-500,-500,-500,-500,-500,-500,-500,-500,-500,-500,-500,-500,-500,-500,-500,-500,-500,-500,-500,-500,-500,-500,-500,-500,-500,-500,-500,-500,-500,-500,-500,-500,-500,-500,-500,-500,-500,-500,-500,-500,-500,-500,-500,-500,-500,-500,-500,-500,-500,-500,-500,-500,-500,-500,-500,-500,-500,-500,-500,-500,-500,-500,-500,-500,-500,-500,-500,-500,-500,-500,-500,-500,-500,-500,-500,-500,-500,-500,-500,-500,-500,-500,-500,-500,-500,-500
-500,-500,-500,-500,-500,-500,-500,-500,-500,-500,-500,-500,-500,-500,-500,-500,-500,-500,-426,-500,-500,-500,-500,-500,-500,-500,-500,-500,-500,-500,-500,-500,-500,-500,-500,-500,-500,-500,-500,-500,-500,-500,-500,-500,-500,-500,-500,-500,-500,-500,-500,-500,-500,-500,-500,-500,-500,-500,-500,-500,-500,-500,-500,-500,-500,-500,-500,-500,-500,-500,-500,-500,-500,-500,-500,-500,-500,-500,-500,-500,-500,-500,-500,-500,-500,-500,-500,-500,-500,-500,-500,-500,-500,-500,-500,-500,-500,-500,-500,-500,-500,-500,-500,-500,-500,-500,-500,-500,-500,-500,-500,-500,-500,-500,-453,-500,-500,-500,-500,-500,-444,-329,-369,-361,-183,-378,-500,-500,-469,-365,-493,-490,-276,-500,-395,-413,-388,-486,-239,-448,-386,-375,-456,-348,-401,-317,-500,-500,-373,-427,-500,-500,-483,-500,-382,-398,-474,-380,-313,-379,-294,-227,-342,-259,-259,-338,-430,-282,-217,-317,-251,-188,-238,-166,-184,-254,-196,-147,-172,-193,-239,-147,-160,-199,-192,-169,-105,-139,-158,-153,-180,-185,-186,-251,-252,-259,-182,-154,-186,-139,-156,-228,-140,-176,-212,-426,-193,-179,-170,-451,-199,-163,-155,-180,-299,-306,-155,-256,-206,-176,-148,-195,-235,-190,-231,-321,-188,-186,-207,-203,-172,-188,-128,-188,-234,-202,-278,-163,-167,-174,-291,-225,-175,-165,-249,-216,-206,-190,-198,-338,-206,-185,-205,-190,-183,-199,-189,-205,-183,-184,-200,-208,-208,-196,-254,-142,-251,-244,-154,-183,-238,-188,-175,-250,-175,-211,-241,-231,-170,-152,-159,-203,-237,-180,-169,-257,-304,-208,-198,-201,-178,-234,-188,-166,-147,-146,-198,-178,-184,-168,-179,-188,-197,-238,-163,-153,-211,-189,-177,-180,-170,-197,-261,-211,-154,-163,-188,-194,-192,-168,-204,-185,-205,-379,-198,-154,-166,-175,-146,-165,-176,-276,-200,-177,-232,-186,-203,-189,-246,-165,-191,-221,-173,-237,-202,-148,-196,-225,-190,-140,-200,-212,-146,-199,-166,-156,-191,-181,-215,-168,-155,-147,-151,-184,-157,-132,-138,-168,-158,-132,-150,-144,-186,-141,-166,-169,-194,-171,-166,-170,-175,-187,-170,-150,-145,-147,-170,-271,-146,-178,-157,-148,-179,-177,-197,-136,-189,-171,-195,-131,-160,-189,-199,-183,-194,-246,-124,-147,-148,-212,-158,-145,-138,-171,-142,-148,-173,-122,-131,-277,-217,-177,-179,-161,-145,-153,-140,-136,-164,-141,-135,-196,-196,-185,-187,-148,-144,-130,-146,-184,-102,-145,-146,-143,-125,-184,-122,-190,-136,-210,-157,-135,-171,-146,-109,-123,-138,-138,-113,-138,-101,-112,-127,-109,-142,-94,-158,-128,-200,-122,-161,-112,-90,-500,-144,-120,-107,-112,-136,-121,-103,-139,-107,-115,-125,-139,-89,-106,-94,-81,-116,-135,-95,-149,-81,-73,-98,-108,-76,-77
-500,-500,-500,-500,-500,-500,-500,-500,-500,-500,-500,-500,-500,-500,-418,-500,-393,-337,-269,-415,-335,-192,-455,-297,-225,-493,-500,-500,-500,-500,-393,-471,-500,-500,-500,-405,-427,-353,-443,-305,-486,-500,-500,-500,-500,-500,-500,-500,-500,-500,-500,-500,-500,-500,-500,-500,-500,-500,-500,-500,-500,-500,-500,-500,-500,-500,-500,-500,-500,-500,-500,-500,-500,-444,-500,-500,-500,-500,-500,-399,-373,-500,-500,-500,-500,-500,-423,-500,-500,-500,-500,-500,-500,-500,-500,-500,-500,-500,-500,-500,-500,-500,-500,-500,-500,-500,-500,-500,-500,-500,-500,-500,-500,-500,-500,-500,-500,-500,-500,-500,-500,-500,-500,-500,-500,-500,-500,-500,-500,-500,-500,-500,-500,-500,-500,-500,-500,-500,-500,-500,-500,-500,-500,-500,-500,-500,-500,-500,-500,-500,-500,-500,-500,-500,-500,-500,-500,-500,-500,-500,-500,-500,-500,-500,-500,-500,-500,-500,-500,-500,-500,-500,-500,-500,-500,-500,-500,-500,-500,-500,-500,-500,-500,-500,-500,-500,-500,-500,-500,-500,-500,-500,-500,-500,-500,-500,-500,-500,-500,-500,-500,-500,-500,-500,-500,-500,-500,-500,-500,-500,-500,-500,-500,-500,-500,-500,-500,-500,-500,-500,-500,-500,-500,-500,-500,-500,-500,-500,-500,-500,-500,-500,-500,-500,-500,-500,-500,-500,-500,-500,-500,-500,-500,-500,-500,-500,-500,-500,-500,-500,-500,-500,-500,-500,-500,-500,-500,-500,-500,-500,-500,-500,-500,-500,-500,-500,-500,-500,-500,-500,-500,-500,-500,-500,-500,-500,-500,-500,-500,-500,-500,-500,-500,-500,-500,-500,-500,-500,-500,-500,-500,-500,-500,-500,-500,-500,-500,-500,-500,-500,-500,-500,-500,-500,-500,-500,-500,-500,-500,-500,-500,-500,-500,-500,-500,-500,-500,-500,-500,-500,-500,-500,-500,-500,-500,-500,-500,-500,-500,-500,-500,-500,-500,-500,-500,-500,-500,-500,-500,-500,-500,-500,-500,-500,-500,-500,-500,-500,-500,-500,-500,-500,-500,-500,-500,-500,-500,-500,-500,-500,-500,-500,-500,-500,-500,-500,-500,-500,-500,-500,-500,-500,-500,-500,-500,-500,-500,-500,-500,-500,-500,-500,-500,-500,-500,-500,-500,-500,-500,-500,-500,-500,-500,-500,-500,-500,-500,-500,-500,-500,-500,-500,-500,-500,-500,-500,-500,-500,-500,-500,-500,-500,-500,-500,-500,-500,-500,-500,-500,-500,-500,-500,-500,-500,-500,-500,-500,-500,-500,-500,-500,-500,-500,-500,-500,-500,-500,-500,-500,-500,-500,-500,-500,-500,-500,-500,-500,-500,-500,-500,-500,-500,-500,-500,-500,-500,-500,-500,-500,-500,-500,-500,-500,-500,-500,-500,-500,-500,-500,-500,-500,-500,-500,-500,-500,-500,-500,-500,-500,-500,-500,-500,-500,-500,-500,-500,-500,-500,-500,-500,-500,-500,-500,-500,-500,-500,-500,-500,-500,-500
-500,-500,-500,-500,-500,-337,-463,-389,-394,-230,-331,-224,-481,-252,-290,-289,-240,-211,-282,-254,-252,-255,-194,-163,-195,-209,-279,-188,-249,-318,-356,-333,-275,-500,-457,-500,-500,-500,-500,-373,-500,-500,-500,-500,-500,-500,-500,-500,-500,-500,-500,-500,-500,-500,-500,-500,-500,-500,-500,-500,-500,-500,-500,-500,-500,-500,-500,-500,-500,-500,-500,-500,-500,-500,-500,-500,-500,-500,-500,-500,-500,-500,-500,-500,-500,-500,-500,-500,-500,-500,-500,-500,-500,-500,-500,-500,-500,-500,-500,-500,-500,-500,-500,-500,-500,-500,-500,-500,-500,-500,-500,-500,-500,-500,-500,-500,-500,-500,-500,-500,-500,-500,-500,-500,-500,-500,-500,-500,-500,-500,-500,-500,-500,-500,-500,-500,-500,-500,-500,-500,-500,-500,-500,-500,-500,-500,-500,-500,-500,-500,-500,-500,-500,-500,-500,-500,-500,-500,-500,-500,-500,-500,-500,-500,-500,-500,-500,-500,-500,-500,-500,-500,-500,-500,-500,-500,-500,-500,-500,-500,-500,-500,-500,-500,-500,-500,-500,-467,-500,-500,-500,-500,-500,-500,-500,-500,-500,-500,-500,-500,-500,-500,-500,-500,-500,-500,-500,-500,-500,-463,-500,-500,-500,-500,-500,-500,-500,-500,-500,-500,-500,-500,-500,-500,-500,-500,-500,-500,-500,-500,-500,-500,-500,-500,-500,-500,-500,-500,-500,-500,-500,-500,-403,-500,-500,-500,-500,-500,-500,-500,-500,-500,-500,-500,-500,-288,-500,-500,-236,-351,-299,-399,-500,-275,-286,-500,-352,-259,-500,-418,-471,-500,-419,-301,-500,-447,-459,-498,-500,-500,-302,-493,-473,-387,-500,-344,-371,-360,-176,-225,-263,-345,-500,-398,-500,-500,-399,-374,-329,-259,-404,-268,-354,-333,-236,-326,-346,-209,-400,-248,-251,-500,-430,-202,-211,-309,-296,-251,-255,-179,-293,-223,-222,-176,-149,-203,-172,-133,-223,-157,-142,-161,-148,-108,-289,-206,-152,-141,-130,-172,-117,-99,-131,-185,-135,-203,-173,-157,-132,-159,-165,-183,-125,-128,-105,-116,-102,-92,-134,-152,-119,-132,-88,-137,-88,-103,-107,-93,-107,-86,-117,-104,-105,-72,-97,-147,-134,-82,-103,-176,-133,-113,-102,-108,-87,-88,-90,-103,-101,-80,-100,-112,-108,-110,-108,-105,-238,-119,-152,-78,-100,-123,-113,-147,-110,-92,-87,-99,-102,-97,-97,-96,-90,-109,-86,-147,-149,-104,-79,-224,-109,-106,-78,-75,-210,-118,-112,-116,-105,-98,-109,-121,-85,-94,-87,-98,-84,-162,-110,-104,-116,-92,-94,-84,-170,-111,-226,-119,-126,-88,-82,-86,-120,-97,-81,-72,-154,-82,-104,-88,-81,-89,-93,-102,-91,-89,-97,-105,-79,-84,-99,-100,-79,-153,-84,-85,-111,-87,-119,-118,-89,-121,-75,-189,-98,-103,-104,-91,-104,-105,-103,-91,-115,-89,-101,-75,-79,-83,-84,-88
-500,-500,-500,-500,-431,-500,-500,-500,-500,-500,-500,-500,-500,-500,-500,-500,-500,-500,-500,-500,-500,-500,-500,-500,-500,-500,-500,-500,-500,-500,-500,-342,-500,-500,-500,-500,-500,-500,-500,-500,-500,-500,-500,-500,-500,-500,-500,-500,-450,-500,-500,-500,-500,-412,-456,-500,-500,-500,-500,-500,-500,-500,-500,-500,-500,-500,-500,-500,-394,-500,-500,-500,-500,-500,-500,-500,-500,-500,-464,-500,-500,-500,-500,-500,-500,-500,-500,-500,-500,-500,-500,-500,-500,-500,-500,-500,-500,-500,-500,-500,-500,-500,-500,-500,-500,-500,-500,-500,-500,-500,-500,-500,-500,-500,-466,-500,-500,-421,-500,-500,-500,-500,-500,-500,-500,-500,-500,-466,-500,-500,-500,-500,-500,-500,-500,-500,-500,-500,-500,-500,-500,-500,-500,-500,-500,-500,-500,-500,-500,-500,-500,-500,-500,-500,-500,-500,-500,-500,-500,-500,-500,-500,-500,-500,-500,-500,-500,-500,-500,-500,-500,-500,-500,-500,-500,-500,-500,-456,-500,-500,-500,-500,-500,-500,-500,-500,-500,-500,-500,-500,-500,-500,-500,-500,-500,-500,-500,-500,-500,-500,-500,-500,-500,-500,-500,-500,-500,-500,-500,-500,-500,-500,-500,-500,-500,-500,-500,-500,-500,-500,-500,-500,-500,-500,-500,-500,-500,-500,-500,-500,-500,-500,-500,-500,-500,-500,-500,-500,-500,-500,-500,-500,-500,-500,-500,-500,-500,-500,-500,-500,-500,-500,-500,-500,-500,-500,-500,-500,-500,-500,-500,-500,-500,-500,-500,-500,-500,-500,-500,-500,-500,-500,-500,-500,-500,-500,-500,-500,-500,-500,-500,-500,-500,-500,-500,-500,-500,-500,-500,-500,-500,-500,-500,-500,-500,-500,-500,-500,-500,-500,-500,-500,-500,-500,-500,-500,-500,-500,-500,-500,-500,-500,-500,-500,-500,-500,-500,-500,-500,-500,-500,-500,-500,-500,-500,-500,-500,-500,-500,-500,-500,-500,-500,-500,-500,-500,-500,-500,-500,-500,-489,-500,-500,-500,-500,-500,-500,-500,-500,-500,-500,-500,-500,-500,-500,-500,-500,-500,-500,-500,-500,-500,-500,-500,-500,-500,-500,-500,-500,-500,-500,-500,-500,-500,-500,-500,-500,-500,-500,-500,-500,-500,-500,-500,-500,-500,-500,-500,-500,-500,-500,-500,-500,-500,-500,-500,-500,-500,-500,-500,-500,-500,-500,-500,-500,-500,-500,-500,-500,-500,-500,-500,-500,-500,-500,-500,-500,-500,-500,-500,-500,-500,-500,-500,-500,-500,-500,-500,-500,-500,-500,-500,-500,-500,-500,-500,-500,-500,-500,-500,-500,-500,-500,-500,-500,-500,-500,-500,-500,-500,-500,-500,-500,-500,-500,-500,-500,-500,-500,-500,-500,-500,-500,-500,-500,-500,-500,-500,-500,-500,-500,-500,-500,-500,-500,-500,-500,-500,-500,-500,-500,-500,-500,-500,-500,-500,-500,-500,-500,-500,-500,-500,-500,-500,-500,-500,-500,-500,-500,-500
-472,-464,-500,-500,-500,-500,-500,-500,-500,-500,-500,-500,-500,-438,-463,-500,-500,-500,-500,-500,-500,-500,-500,-310,-500,-500,-500,-500,-500,-500,-500,-500,-500,-500,-239,-500,-500,-500,-500,-500,-500,-458,-313,-500,-387,-298,-301,-183,-354,-500,-298,-407,-322,-398,-495,-477,-500,-500,-365,-500,-500,-500,-500,-381,-500,-238,-410,-500,-500,-500,-500,-500,-500,-500,-500,-500,-500,-500,-500,-500,-500,-500,-500,-500,-500,-500,-500,-500,-500,-500,-500,-500,-500,-500,-500,-500,-500,-500,-500,-500,-500,-500,-500,-500,-500,-500,-500,-500,-500,-500,-500,-500,-500,-500,-500,-500,-500,-500,-500,-500,-500,-499,-500,-500,-500,-500,-500,-500,-500,-500,-500,-500,-381,-500,-500,-500,-500,-296,-500,-500,-278,-500,-500,-391,-500,-316,-500,-470,-307,-324,-314,-500,-300,-341,-310,-390,-290,-306,-342,-500,-307,-228,-371,-205,-378,-296,-500,-336,-339,-397,-190,-278,-377,-368,-272,-335,-144,-204,-351,-331,-188,-333,-500,-422,-183,-203,-242,-253,-230,-131,-144,-192,-229,-183,-153,-147,-117,-125,-132,-276,-170,-123,-110,-113,-120,-124,-145,-165,-147,-99,-159,-204,-183,-131,-167,-278,-111,-124,-197,-107,-123,-147,-179,-161,-114,-100,-129,-111,-111,-118,-193,-146,-137,-96,-122,-136,-105,-125,-176,-138,-128,-103,-121,-151,-133,-115,-122,-101,-119,-105,-126,-132,-112,-136,-379,-133,-234,-127,-170,-115,-137,-113,-176,-96,-173,-124,-217,-116,-129,-123,-145,-109,-170,-131,-190,-114,-205,-112,-129,-93,-100,-277,-117,-157,-235,-89,-115,-145,-103,-140,-218,-106,-130,-122,-107,-158,-132,-124,-122,-112,-102,-142,-114,-121,-94,-138,-120,-181,-233,-242,-100,-112,-114,-133,-246,-99,-111,-117,-92,-125,-94,-123,-114,-107,-110,-331,-187,-134,-83,-121,-152,-117,-147,-190,-165,-98,-123,-112,-150,-140,-119,-146,-122,-104,-108,-120,-109,-100,-89,-128,-135,-115,-151,-88,-170,-120,-90,-108,-245,-132,-113,-149,-173,-143,-116,-206,-197,-106,-156,-117,-190,-129,-320,-117,-106,-95,-102,-136,-83,-103,-74,-112,-89,-118,-102,-88,-104,-90,-118,-110,-70,-115,-181,-85,-105,-210,-124,-74,-75,-81,-108,-87,-83,-114,-110,-145,-93,-93,-89,-74,-103,-105,-133,-82,-113,-91,-104,-102,-124,-117,-95,-81,-107,-94,-92,-120,-113,-104,-103,-115,-93,-102,-110,-105,-85,-89,-106,-127,-96,-105,-103,-109,-115,-113,-107,-73,-135,-81,-92,-103,-102,-128,-87,-107,-85,-81,-136,-90,-91,-95,-87,-78,-90,-238,-98,-87,-103,-89,-191,-96,-147,-95,-99,-109,-320,-130,-136,-91,-101,-93,-74,-79,-143,-94,-112,-171,-84,-106,-120,-95,-99,-81,-87,-92,-120,-111,-79,-93,-108,-109
-334,-500,-500,-500,-322,-500,-500,-500,-500,-500,-500,-500,-500,-500,-500,-500,-500,-474,-278,-500,-499,-500,-500,-387,-285,-425,-462,-208,-371,-500,-288,-444,-354,-382,-354,-295,-500,-359,-500,-392,-396,-277,-329,-219,-373,-304,-361,-294,-238,-226,-283,-366,-316,-231,-234,-279,-212,-244,-238,-224,-352,-251,-172,-184,-152,-186,-177,-140,-152,-311,-231,-198,-215,-223,-213,-313,-153,-182,-194,-461,-170,-202,-230,-186,-143,-352,-144,-224,-196,-131,-131,-212,-309,-182,-232,-168,-178,-234,-215,-218,-153,-174,-253,-167,-201,-167,-143,-162,-114,-166,-256,-177,-132,-171,-212,-124,-252,-152,-188,-129,-201,-175,-135,-149,-152,-163,-147,-152,-184,-129,-142,-186,-169,-138,-232,-165,-242,-196,-221,-176,-236,-185,-103,-163,-125,-172,-123,-180,-119,-263,-141,-116,-123,-168,-122,-150,-164,-138,-139,-111,-185,-142,-132,-141,-160,-295,-146,-134,-220,-140,-188,-190,-208,-158,-146,-151,-160,-143,-193,-160,-276,-127,-115,-147,-167,-186,-138,-131,-145,-161,-143,-174,-197,-239,-191,-214,-155,-134,-111,-130,-232,-177,-138,-158,-149,-110,-122,-176,-124,-148,-113,-144,-128,-116,-164,-110,-154,-182,-267,-151,-193,-133,-161,-174,-120,-218,-128,-136,-159,-129,-121,-107,-162,-133,-110,-114,-139,-143,-136,-136,-159,-121,-115,-122,-152,-108,-115,-141,-176,-135,-212,-96,-127,-137,-168,-106,-145,-115,-167,-114,-161,-134,-100,-114,-118,-177,-114,-115,-107,-110,-112,-103,-100,-185,-116,-115,-119,-105,-91,-111,-127,-126,-125,-103,-204,-101,-141,-105,-141,-105,-108,-104,-129,-100,-130,-131,-144,-138,-125,-119,-140,-125,-110,-108,-118,-116,-191,-121,-113,-104,-178,-108,-104,-106,-144,-120,-89,-104,-127,-126,-157,-123,-140,-143,-131,-121,-115,-95,-121,-105,-117,-150,-107,-163,-117,-142,-113,-108,-131,-152,-154,-162,-131,-121,-130,-118,-120,-111,-136,-170,-144,-129,-141,-150,-109,-138,-196,-277,-137,-94,-121,-186,-168,-103,-130,-129,-130,-126,-89,-211,-153,-121,-121,-173,-144,-114,-139,-159,-150,-117,-107,-109,-89,-112,-118,-117,-189,-113,-110,-114,-129,-341,-184,-88,-103,-126,-121,-109,-113,-105,-101,-108,-107,-100,-112,-86,-115,-107,-111,-101,-161,-100,-81,-100,-106,-141,-107,-62,-78,-106,-117,-108,-94,-100,-115,-83,-101,-94,-125,-102,-196,-92,-77,-95,-113,-80,-103,-92,-106,-102,-90,-94,-100,-103,-82,-107,-107,-96,-500,-86,-115,-97,-210,-101,-85,-93,-89,-110,-99,-112,-92,-99,-112,-95,-100,-85,-100,-105,-115,-85,-91,-85,-146,-84,-107,-96,-110,-78,-96,-80,-72,-84,-85,-96,-112,-82,-112,-93,-188,-82,-98,-153,-99,-93,-89,-132,-92,-102,-96,-92
-500,-500,-259,-384,-373,-296,-500,-293,-303,-394,-246,-296,-500,-500,-303,-408,-376,-500,-500,-500,-262,-500,-500,-500,-500,-500,-500,-500,-500,-500,-500,-500,-500,-500,-500,-500,-500,-500,-500,-500,-500,-500,-500,-500,-500,-500,-500,-500,-500,-500,-500,-500,-500,-500,-500,-500,-500,-500,-500,-500,-500,-500,-500,-500,-500,-500,-500,-500,-500,-500,-500,-500,-500,-500,-500,-500,-500,-500,-500,-500,-500,-500,-500,-500,-500,-500,-500,-500,-500,-500,-500,-500,-500,-500,-500,-500,-500,-500,-500,-500,-500,-500,-500,-500,-500,-500,-500,-500,-500,-500,-500,-500,-500,-500,-500,-500,-500,-500,-500,-500,-500,-500,-500,-500,-500,-500,-500,-500,-500,-500,-500,-500,-500,-500,-500,-500,-500,-500,-500,-500,-500,-500,-500,-500,-500,-500,-500,-500,-500,-500,-500,-500,-500,-500,-500,-500,-500,-500,-500,-500,-500,-500,-500,-500,-500,-500,-500,-500,-500,-500,-500,-500,-500,-500,-500,-500,-500,-500,-500,-500,-500,-500,-500,-500,-500,-500,-500,-500,-500,-500,-500,-500,-500,-500,-500,-500,-500,-500,-500,-500,-500,-500,-500,-500,-500,-500,-500,-500,-500,-500,-500,-500,-500,-500,-500,-500,-500,-500,-500,-500,-500,-500,-500,-500,-500,-500,-500,-500,-500,-500,-500,-500,-500,-500,-500,-500,-500,-500,-491,-500,-500,-500,-500,-500,-500,-500,-500,-500,-500,-500,-500,-500,-500,-500,-500,-500,-500,-500,-500,-500,-500,-500,-500,-500,-500,-500,-500,-500,-500,-500,-500,-500,-500,-500,-500,-500,-500,-500,-500,-500,-500,-500,-500,-500,-500,-500,-500,-500,-500,-500,-500,-500,-500,-500,-500,-500,-500,-500,-500,-500,-500,-500,-500,-500,-500,-500,-500,-500,-500,-500,-500,-500,-500,-500,-500,-500,-500,-500,-500,-500,-500,-500,-500,-500,-500,-500,-500,-500,-500,-500,-500,-500,-500,-500,-500,-500,-500,-500,-500,-500,-500,-500,-500,-500,-500,-500,-500,-500,-500,-500,-500,-500,-500,-500,-500,-500,-500,-500,-500,-500,-500,-500,-500,-500,-500,-500,-500,-500,-500,-500,-500,-500,-500,-500,-500,-500,-500,-500,-500,-500,-500,-500,-500,-500,-500,-500,-500,-500,-500,-500,-500,-500,-500,-500,-500,-500,-500,-500,-500,-500,-500,-500,-500,-500,-500,-500,-500,-500,-500,-500,-500,-500,-500,-500,-500,-500,-500,-500,-500,-500,-500,-500,-500,-500,-500,-500,-500,-500,-500,-500,-500,-500,-500,-500,-500,-500,-500,-500,-500,-500,-500,-500,-500,-500,-500,-500,-500,-500,-500,-500,-500,-500,-500,-500,-500,-500,-500,-500,-500,-500,-500,-500,-500,-500,-500,-500,-500,-500,-500,-500,-500,-500,-500,-500,-500,-500,-500,-500,-500,-500,-500,-500,-500,-500,-500,-500,-500,-500,-500,-500,-500,-500,-500,-500,-500,-500,-500,-500,-500,-500
-327,-500,-500,-500,-388,-500,-500,-500,-500,-500,-500,-500,-500,-500,-500,-500,-500,-500,-500,-500,-500,-500,-500,-500,-500,-500,-500,-500,-500,-500,-500,-500,-500,-500,-500,-500,-500,-500,-500,-500,-500,-500,-500,-500,-500,-500,-500,-500,-474,-500,-500,-500,-500,-272,-432,-382,-500,-476,-410,-487,-500,-500,-500,-500,-500,-500,-500,-500,-500,-500,-500,-500,-500,-500,-500,-500,-500,-500,-500,-500,-500,-500,-500,-500,-500,-500,-500,-500,-500,-500,-500,-500,-500,-500,-500,-500,-500,-500,-500,-500,-500,-500,-500,-500,-500,-500,-500,-500,-500,-500,-500,-500,-500,-500,-500,-500,-500,-500,-500,-500,-500,-500,-500,-500,-500,-500,-500,-500,-340,-458,-500,-500,-500,-500,-500,-218,-348,-443,-500,-500,-500,-500,-400,-500,-420,-204,-360,-393,-500,-345,-314,-358,-260,-284,-194,-375,-206,-267,-376,-232,-263,-184,-195,-275,-271,-310,-335,-254,-230,-348,-197,-299,-297,-316,-197,-159,-248,-176,-248,-317,-261,-225,-218,-191,-160,-331,-173,-249,-245,-233,-200,-368,-178,-173,-212,-238,-248,-207,-247,-204,-169,-172,-215,-220,-325,-428,-220,-500,-252,-170,-221,-193,-140,-178,-296,-202,-223,-150,-210,-235,-171,-205,-169,-144,-159,-147,-318,-212,-178,-203,-252,-205,-186,-235,-182,-182,-186,-198,-194,-409,-252,-242,-221,-228,-179,-288,-212,-179,-176,-151,-289,-141,-190,-225,-168,-183,-149,-275,-219,-205,-324,-233,-183,-379,-200,-194,-117,-263,-150,-239,-265,-410,-237,-444,-265,-213,-315,-319,-321,-500,-281,-195,-373,-500,-262,-500,-263,-240,-438,-281,-257,-497,-283,-350,-388,-276,-245,-290,-339,-349,-230,-234,-250,-372,-206,-202,-181,-187,-500,-369,-231,-341,-439,-141,-367,-217,-257,-140,-173,-226,-224,-234,-303,-146,-147,-182,-170,-127,-137,-184,-163,-132,-146,-125,-130,-199,-167,-213,-146,-138,-190,-147,-162,-139,-283,-106,-134,-176,-120,-115,-106,-117,-79,-139,-101,-139,-139,-109,-115,-98,-196,-101,-127,-103,-182,-87,-88,-103,-95,-108,-261,-96,-86,-168,-107,-117,-158,-165,-157,-116,-94,-147,-120,-119,-95,-135,-100,-131,-111,-94,-121,-76,-109,-92,-89,-122,-94,-130,-100,-97,-94,-90,-111,-88,-128,-97,-160,-239,-89,-125,-108,-103,-137,-138,-117,-94,-96,-82,-127,-204,-110,-144,-89,-115,-129,-223,-114,-103,-242,-134,-103,-104,-125,-116,-112,-101,-133,-110,-79,-116,-137,-115,-114,-99,-134,-88,-108,-109,-107,-134,-214,-117,-129,-102,-94,-89,-128,-79,-112,-111,-84,-88,-70,-77,-89,-79,-91,-99,-122,-119,-110,-91,-83,-135,-206,-119,-80,-90,-100,-109,-119,-117,-123,-118,-167,-78,-103,-92,-90,-79,-91,-103,-114,-96,-139,-87,-92,-83,-76,-95
