-500,-500,-500,-500,-500,-500,-500,-500,-500,-500,-500,-500,-500,-500,-500,-500,-500,-500,-500,-500,-500,-500,-500,-500,-500,-500,-500,-500,-500,-500,-500,-500,-500,-500,-500,-500,-500,-500,-500,-500,-500,-500,-500,-500,-500,-500,-500,-500,-500,-500,-500,-500,-500,-500,-500,-500,-500,-500,-500,-500,-500,-500,-500,-500,-500,-500,-500,-500,-500,-500,-500,-500,-500,-500,-500,-500,-500,-500,-500,-500,-500,-500,-500,-500,-500,-500,-500,-500,-500,-500,-500,-500,-500,-500,-500,-500,-500,-500,-500,-500,-500,-500,-500,-500,-500,-500,-500,-500,-500,-500,-500,-500,-500,-500,-500,-500,-500,-500,-500,-500,-500,-500,-447,-402,-500,-500,-500,-500,-448,-285,-225,-343,-196,-464,-260,-271,-379,-201,-346,-201,-221,-280,-264,-163,-180,-127,-124,-165,-164,-141,-222,-142,-91,-147,-126,-110,-102,-247,-133,-162,-121,-121,-111,-92,-107,-96,-95,-107,-89,-89,-88,-102,-78,-77,-100,-93,-71,-90,-82,-76,-95,-175,-78,-129,-113,-91,-85,-161,-99,-93,-111,-82,-83,-104,-103,-89,-80,-124,-76,-75,-82,-76,-95,-99,-96,-95,-78,-73,-76,-95,-91,-65,-79,-76,-135,-94,-78,-161,-120,-73,-86,-90,-71,-81,-177,-79,-95,-76,-125,-98,-87,-103,-123,-81,-90,-87,-75,-100,-93,-73,-102,-71,-73,-86,-78,-95,-94,-80,-65,-94,-112,-83,-84,-108,-78,-79,-101,-97,-131,-110,-91,-77,-90,-91,-92,-77,-84,-85,-104,-81,-88,-94,-90,-75,-115,-80,-84,-132,-112,-97,-106,-75,-93,-81,-97,-101,-88,-99,-88,-83,-108,-79,-132,-71,-75,-127,-84,-70,-80,-102,-95,-82,-128,-76,-94,-98,-71,-103,-93,-73,-100,-109,-93,-82,-82,-125,-102,-98,-104,-76,-96,-97,-86,-74,-78,-77,-79,-95,-77,-79,-82,-77,-98,-76,-73,-80,-103,-86,-83,-87,-76,-95,-86,-89,-94,-112,-81,-87,-95,-73,-145,-94,-80,-167,-85,-80,-81,-78,-79,-78,-78,-90,-78,-84,-96,-82,-81,-117,-102,-78,-82,-149,-83,-84,-91,-99,-101,-81,-71,-88,-114,-70,-102,-101,-85,-80,-98,-96,-117,-96,-115,-70,-104,-101,-113,-82,-82,-100,-83,-102,-101,-87,-84,-83,-80,-84,-87,-81,-81,-78,-81,-88,-94,-104,-103,-62,-78,-150,-114,-101,-89,-68,-90,-114,-99,-71,-94,-97,-99,-79,-87,-118,-109,-78,-80,-87,-87,-87,-92,-91,-87,-87,-104,-101,-99,-86,-92,-108,-122,-85,-77,-94,-82,-89,-146,-76,-88,-76,-75,-78,-87,-99,-179,-72,-88,-71,-92,-99,-80,-111,-108,-72,-71,-92,-94,-79,-106,-84,-82,-84,-121,-71,-86,-104,-95,-103,-86,-81,-82,-76,-77,-77,-116,-69,-71,-69,-78,-76,-83,-77
-500,-500,-500,-500,-487,-500,-500,-500,-500,-500,-500,-500,-500,-500,-500,-500,-500,-500,-500,-351,-500,-500,-500,-500,-500,-500,-500,-500,-500,-500,-500,-500,-500,-500,-500,-500,-500,-500,-500,-500,-500,-500,-500,-500,-500,-500,-500,-500,-500,-500,-500,-500,-500,-500,-500,-500,-500,-500,-500,-500,-500,-500,-500,-500,-500,-500,-500,-500,-500,-500,-500,-500,-500,-500,-500,-500,-500,-500,-500,-500,-500,-500,-500,-500,-500,-500,-500,-500,-500,-500,-500,-500,-500,-500,-500,-500,-500,-500,-500,-500,-500,-500,-500,-500,-500,-500,-500,-500,-500,-500,-500,-500,-500,-500,-500,-500,-500,-500,-500,-500,-500,-500,-500,-500,-500,-500,-500,-500,-500,-500,-500,-500,-500,-500,-500,-500,-500,-500,-500,-500,-500,-500,-500,-500,-500,-500,-500,-500,-500,-500,-500,-500,-500,-500,-500,-500,-500,-500,-500,-500,-500,-500,-500,-500,-500,-500,-500,-500,-500,-500,-500,-500,-500,-500,-500,-500,-500,-500,-500,-500,-500,-500,-500,-500,-500,-500,-500,-500,-500,-500,-500,-500,-500,-500,-500,-500,-500,-500,-500,-500,-500,-500,-500,-500,-500,-500,-500,-500,-500,-500,-500,-500,-500,-500,-500,-500,-500,-500,-500,-500,-500,-500,-500,-500,-500,-500,-500,-500,-500,-500,-500,-500,-500,-500,-500,-500,-500,-500,-500,-500,-500,-500,-500,-500,-500,-500,-500,-500,-500,-500,-500,-500,-500,-500,-500,-500,-500,-500,-500,-500,-500,-500,-500,-500,-500,-500,-500,-500,-500,-500,-500,-500,-500,-500,-500,-500,-500,-500,-500,-500,-500,-500,-500,-500,-500,-500,-500,-500,-500,-500,-500,-500,-500,-500,-500,-500,-500,-500,-500,-500,-500,-500,-500,-500,-500,-500,-500,-500,-500,-500,-500,-500,-500,-500,-500,-500,-500,-500,-500,-500,-500,-500,-500,-500,-500,-500,-500,-500,-500,-500,-500,-500,-500,-500,-500,-500,-500,-500,-500,-500,-500,-500,-500,-500,-500,-500,-500,-500,-500,-500,-500,-500,-500,-500,-500,-500,-500,-500,-500,-500,-500,-500,-500,-500,-500,-500,-500,-500,-500,-500,-500,-500,-500,-500,-500,-500,-500,-500,-500,-500,-500,-500,-500,-500,-500,-500,-500,-500,-500,-500,-500,-500,-500,-500,-500,-500,-500,-500,-500,-500,-500,-500,-500,-500,-500,-500,-500,-500,-500,-500,-500,-500,-500,-500,-500,-500,-500,-500,-500,-500,-500,-500,-500,-500,-500,-500,-500,-500,-500,-500,-500,-500,-500,-500,-500,-500,-500,-500,-500,-500,-500,-500,-500,-500,-500,-500,-500,-500,-500,-500,-500,-500,-500,-500,-500,-500,-500,-500,-500,-500,-500,-500,-500,-500,-500,-500,-500,-500,-500,-500,-500,-500,-500,-500,-500,-500,-500,-500,-500,-500,-500,-500,-500,-500,-500,-500,-500,-500,-500,-500,-500,-500,-500,-500,-500,-500,-500,-500,-500,-500
-351,-284,-259,-277,-470,-216,-410,-329,-341,-445,-269,-369,-416,-264,-299,-155,-185,-163,-229,-199,-227,-256,-386,-245,-176,-465,-266,-249,-286,-298,-319,-371,-361,-388,-443,-358,-412,-397,-333,-430,-323,-241,-289,-251,-262,-353,-265,-295,-328,-289,-209,-303,-211,-225,-227,-161,-210,-182,-170,-166,-268,-179,-186,-148,-500,-197,-223,-183,-154,-161,-179,-179,-176,-197,-209,-197,-246,-154,-175,-194,-192,-193,-152,-180,-285,-216,-193,-187,-231,-144,-185,-209,-204,-381,-203,-193,-252,-216,-206,-267,-314,-216,-244,-265,-199,-199,-221,-169,-203,-201,-310,-187,-179,-203,-203,-183,-215,-190,-190,-150,-180,-143,-181,-159,-194,-160,-285,-193,-164,-325,-234,-180,-190,-181,-154,-166,-250,-187,-193,-163,-179,-221,-151,-233,-151,-177,-278,-154,-168,-184,-173,-197,-166,-181,-192,-146,-135,-142,-227,-174,-197,-152,-137,-158,-165,-145,-210,-155,-179,-136,-139,-166,-146,-144,-141,-156,-214,-303,-167,-154,-213,-176,-127,-233,-171,-147,-205,-144,-207,-172,-176,-147,-230,-178,-173,-229,-168,-160,-164,-152,-124,-159,-136,-172,-146,-156,-141,-152,-207,-198,-158,-155,-142,-160,-223,-195,-181,-200,-239,-162,-173,-158,-206,-194,-229,-215,-201,-282,-217,-168,-172,-203,-240,-252,-258,-222,-245,-292,-159,-276,-185,-202,-229,-188,-182,-171,-210,-178,-259,-330,-173,-244,-358,-152,-235,-263,-172,-304,-177,-202,-341,-225,-206,-157,-233,-152,-190,-159,-165,-191,-206,-173,-228,-297,-146,-173,-351,-159,-207,-326,-154,-148,-177,-180,-202,-244,-171,-193,-160,-169,-172,-195,-145,-217,-250,-165,-174,-186,-211,-157,-175,-215,-190,-195,-245,-219,-159,-193,-168,-169,-144,-197,-157,-215,-136,-151,-150,-216,-146,-160,-174,-186,-158,-273,-130,-142,-170,-317,-167,-150,-189,-149,-172,-151,-179,-170,-136,-232,-144,-181,-161,-114,-146,-195,-155,-172,-118,-123,-131,-175,-144,-179,-153,-163,-152,-167,-153,-148,-182,-148,-169,-171,-202,-166,-144,-133,-139,-125,-151,-201,-139,-140,-160,-146,-175,-140,-188,-125,-139,-141,-116,-141,-239,-209,-167,-164,-161,-217,-153,-179,-175,-173,-167,-152,-127,-142,-147,-128,-139,-176,-140,-159,-116,-167,-176,-159,-162,-153,-177,-168,-158,-147,-166,-121,-148,-500,-140,-167,-139,-188,-169,-156,-153,-144,-270,-171,-150,-145,-151,-168,-116,-163,-143,-144,-172,-162,-164,-151,-126,-304,-153,-159,-155,-137,-176,-129,-163,-164,-188,-153,-154,-166,-193,-166,-160,-129,-159,-146,-170,-158,-142,-150,-124,-142,-148,-166,-219,-175,-171,-181,-161,-186,-123,-211,-146,-156,-132,-173,-124,-137,-208,-160,-144,-185,-142,-146,-187,-163,-208,-163,-146,-145,-189,-116,-141,-139,-148,-188,-153,-160
-500,-500,-500,-500,-500,-500,-500,-500,-500,-500,-500,-270,-472,-435,-500,-500,-500,-500,-500,-500,-500,-500,-500,-500,-500,-500,-500,-500,-500,-500,-500,-500,-500,-500,-500,-500,-500,-500,-500,-500,-500,-500,-500,-500,-500,-500,-500,-500,-500,-500,-500,-500,-500,-500,-500,-500,-500,-500,-500,-500,-500,-500,-500,-500,-500,-500,-500,-500,-500,-500,-500,-500,-500,-500,-500,-500,-500,-500,-500,-500,-500,-500,-500,-500,-500,-500,-500,-500,-500,-500,-500,-500,-500,-500,-500,-500,-500,-500,-500,-500,-500,-500,-500,-500,-500,-500,-500,-500,-500,-500,-500,-500,-500,-500,-500,-500,-500,-500,-500,-500,-500,-500,-500,-500,-500,-500,-500,-500,-500,-500,-500,-500,-500,-500,-500,-500,-500,-500,-500,-500,-500,-500,-500,-500,-500,-500,-500,-500,-500,-500,-500,-500,-500,-500,-500,-500,-500,-500,-500,-500,-500,-500,-500,-500,-500,-500,-472,-500,-500,-500,-500,-500,-500,-500,-500,-500,-500,-336,-352,-342,-279,-222,-280,-178,-165,-152,-150,-167,-175,-173,-130,-180,-157,-139,-144,-205,-192,-171,-138,-164,-170,-152,-131,-130,-177,-145,-151,-153,-141,-153,-171,-140,-197,-140,-174,-149,-159,-153,-150,-157,-162,-177,-147,-154,-156,-195,-145,-172,-165,-156,-177,-164,-144,-145,-243,-159,-148,-129,-156,-144,-135,-138,-146,-173,-165,-168,-142,-163,-156,-173,-146,-244,-188,-166,-194,-193,-211,-239,-169,-178,-154,-178,-122,-128,-312,-266,-164,-129,-267,-203,-160,-145,-123,-152,-145,-168,-150,-165,-166,-176,-136,-252,-155,-202,-136,-166,-155,-145,-150,-171,-176,-137,-155,-256,-160,-129,-212,-152,-180,-157,-181,-160,-178,-126,-161,-152,-139,-161,-149,-199,-162,-158,-160,-129,-146,-154,-183,-128,-155,-161,-173,-224,-152,-193,-137,-168,-181,-145,-162,-151,-154,-138,-203,-166,-149,-151,-176,-175,-191,-257,-144,-140,-163,-136,-126,-156,-149,-232,-175,-178,-146,-158,-210,-150,-164,-186,-146,-176,-188,-146,-192,-162,-183,-198,-348,-272,-178,-194,-180,-176,-184,-141,-163,-161,-139,-190,-250,-230,-237,-147,-138,-190,-181,-245,-167,-153,-180,-175,-160,-148,-195,-222,-166,-169,-209,-292,-252,-150,-175,-158,-185,-180,-238,-163,-173,-227,-165,-176,-222,-195,-199,-199,-212,-207,-169,-263,-198,-216,-165,-150,-139,-170,-138,-185,-157,-170,-173,-163,-141,-185,-163,-171,-198,-115,-194,-166,-159,-185,-151,-185,-157,-115,-211,-220,-161,-146,-150,-164,-149,-500,-171,-186,-129,-236,-157,-216,-142,-148,-126,-133,-130,-149,-153,-135,-139,-126,-156,-163,-136,-149,-144,-135,-144,-270,-164,-147,-135,-151,-143,-154,-169,-157,-122,-159,-147,-147,-129,-346,-156,-142,-161,-164,-142,-135,-135,-184,-309,-169,-442,-162
-500,-500,-500,-500,-500,-500,-500,-500,-500,-500,-500,-432,-500,-500,-500,-500,-500,-500,-500,-500,-500,-500,-500,-500,-500,-500,-500,-500,-500,-500,-500,-500,-500,-500,-500,-500,-500,-500,-500,-500,-418,-500,-336,-500,-500,-500,-374,-405,-480,-356,-339,-349,-334,-314,-344,-288,-281,-317,-175,-189,-242,-285,-175,-270,-182,-218,-260,-270,-225,-156,-204,-147,-217,-195,-162,-193,-237,-178,-195,-213,-221,-158,-188,-184,-245,-217,-285,-186,-279,-238,-211,-199,-291,-201,-266,-248,-319,-234,-209,-309,-283,-247,-283,-245,-257,-292,-222,-212,-170,-221,-247,-214,-249,-304,-209,-267,-187,-189,-225,-324,-232,-236,-150,-206,-179,-214,-232,-159,-163,-338,-168,-158,-162,-182,-217,-220,-189,-222,-165,-258,-172,-196,-149,-129,-149,-294,-151,-188,-209,-246,-245,-190,-198,-158,-166,-209,-147,-156,-192,-151,-220,-182,-197,-185,-163,-204,-197,-206,-165,-233,-152,-173,-183,-188,-202,-155,-203,-192,-224,-174,-171,-168,-176,-221,-174,-171,-191,-171,-149,-141,-158,-138,-194,-201,-186,-146,-143,-139,-161,-153,-150,-165,-179,-159,-182,-150,-163,-174,-183,-177,-160,-154,-160,-143,-145,-209,-176,-145,-159,-153,-143,-169,-183,-139,-213,-185,-164,-207,-171,-195,-136,-192,-166,-155,-142,-130,-160,-177,-168,-150,-171,-169,-167,-191,-210,-155,-167,-154,-163,-186,-189,-181,-178,-172,-169,-157,-192,-153,-208,-170,-186,-116,-152,-160,-180,-165,-148,-177,-167,-185,-140,-190,-212,-168,-192,-163,-297,-203,-174,-144,-154,-141,-169,-164,-178,-155,-175,-142,-211,-215,-151,-157,-157,-163,-237,-156,-238,-224,-144,-152,-283,-153,-182,-213,-153,-165,-153,-152,-164,-172,-167,-209,-136,-149,-190,-150,-198,-192,-175,-160,-187,-172,-155,-130,-163,-203,-176,-153,-202,-193,-155,-156,-168,-132,-190,-164,-199,-178,-192,-153,-325,-210,-158,-144,-162,-161,-146,-152,-141,-179,-163,-149,-164,-177,-149,-166,-174,-186,-155,-147,-180,-151,-164,-161,-165,-154,-195,-151,-147,-116,-157,-162,-214,-161,-129,-133,-130,-148,-178,-139,-185,-217,-152,-164,-170,-144,-168,-145,-160,-173,-157,-149,-140,-181,-141,-150,-179,-134,-131,-154,-129,-153,-204,-134,-172,-167,-152,-148,-164,-190,-176,-142,-161,-146,-173,-139,-174,-175,-159,-193,-158,-164,-183,-140,-170,-143,-151,-153,-139,-182,-252,-157,-175,-232,-177,-179,-186,-186,-154,-167,-168,-184,-136,-191,-175,-156,-175,-146,-174,-148,-220,-173,-170,-174,-127,-157,-153,-144,-150,-145,-188,-142,-184,-181,-176,-184,-154,-150,-147,-167,-155,-144,-189,-209,-172,-172,-196,-164,-179,-170,-142,-163,-171,-194,-167,-164,-153,-159,-179,-142,-162,-165,-153,-146,-181,-154,-186,-159,-166,-257
-500,-500,-500,-500,-500,-500,-500,-500,-500,-500,-500,-500,-500,-500,-500,-500,-500,-500,-500,-500,-500,-500,-500,-500,-500,-500,-500,-500,-500,-500,-500,-500,-500,-500,-500,-500,-500,-500,-500,-500,-500,-500,-500,-500,-500,-500,-500,-500,-500,-500,-500,-500,-500,-500,-500,-500,-500,-500,-500,-500,-500,-500,-500,-500,-500,-500,-500,-500,-500,-500,-500,-500,-500,-500,-500,-500,-500,-500,-500,-500,-500,-500,-500,-500,-500,-500,-500,-500,-500,-500,-500,-500,-500,-500,-500,-500,-500,-500,-500,-500,-500,-500,-500,-500,-500,-500,-500,-500,-500,-500,-500,-500,-500,-500,-500,-500,-500,-500,-500,-500,-500,-500,-500,-500,-500,-500,-500,-500,-500,-500,-500,-500,-500,-500,-500,-500,-500,-500,-500,-500,-500,-500,-500,-500,-500,-500,-500,-500,-500,-500,-500,-500,-500,-500,-500,-500,-500,-500,-500,-500,-500,-500,-500,-500,-500,-500,-500,-500,-500,-500,-500,-500,-500,-500,-500,-500,-500,-500,-500,-500,-500,-500,-500,-500,-500,-500,-500,-500,-500,-500,-500,-500,-500,-500,-500,-500,-500,-500,-500,-500,-500,-500,-500,-500,-500,-500,-500,-500,-500,-500,-500,-500,-500,-500,-500,-500,-500,-500,-500,-500,-500,-500,-500,-500,-500,-500,-500,-500,-500,-500,-500,-500,-500,-500,-500,-500,-500,-500,-500,-500,-500,-500,-500,-500,-500,-500,-500,-500,-500,-500,-500,-500,-500,-500,-500,-500,-500,-500,-500,-500,-500,-500,-500,-500,-500,-500,-500,-500,-500,-500,-500,-500,-500,-500,-500,-500,-500,-500,-500,-500,-500,-500,-500,-500,-500,-500,-500,-500,-500,-500,-500,-500,-500,-500,-500,-500,-500,-500,-500,-500,-500,-500,-500,-500,-500,-500,-500,-500,-500,-500,-500,-500,-500,-500,-500,-500,-500,-500,-500,-500,-500,-500,-500,-500,-500,-500,-500,-500,-500,-500,-500,-500,-500,-500,-500,-500,-500,-500,-500,-500,-500,-500,-500,-500,-500,-500,-500,-500,-500,-500,-500,-500,-500,-500,-500,-500,-500,-500,-500,-500,-500,-500,-500,-500,-500,-500,-500,-500,-500,-500,-500,-500,-500,-500,-500,-500,-500,-500,-500,-500,-500,-500,-500,-500,-500,-500,-500,-500,-500,-500,-500,-500,-500,-500,-500,-500,-500,-500,-500,-500,-500,-500,-500,-500,-500,-500,-500,-500,-500,-500,-500,-500,-500,-500,-500,-500,-500,-500,-500,-500,-500,-500,-500,-500,-500,-500,-500,-500,-500,-500,-500,-500,-500,-500,-500,-500,-500,-500,-500,-500,-500,-500,-500,-500,-500,-500,-500,-500,-500,-500,-500,-500,-500,-500,-500,-500,-500,-500,-500,-500,-500,-500,-500,-500,-500,-500,-500,-500,-500,-500,-500,-500,-500,-500,-500,-500,-500,-500,-500,-500,-500,-500,-500,-500,-500,-500,-500,-500,-500,-500,-500,-500,-500,-500,-500,-500,-500,-500,-500,-500
-500,-500,-500,-500,-500,-500,-500,-500,-500,-500,-500,-500,-500,-500,-500,-500,-500,-500,-500,-500,-500,-500,-500,-500,-500,-500,-500,-500,-500,-500,-500,-500,-500,-500,-500,-500,-500,-500,-500,-500,-500,-500,-500,-500,-500,-500,-500,-500,-500,-500,-500,-500,-500,-500,-500,-500,-500,-500,-500,-500,-500,-500,-500,-500,-500,-500,-500,-500,-500,-500,-500,-500,-500,-500,-500,-500,-500,-500,-500,-500,-500,-500,-500,-500,-500,-500,-500,-500,-500,-500,-500,-500,-500,-500,-500,-500,-500,-500,-500,-500,-500,-500,-500,-500,-500,-500,-500,-500,-500,-500,-500,-500,-500,-500,-500,-500,-500,-500,-500,-500,-500,-500,-500,-500,-500,-500,-500,-500,-500,-500,-500,-500,-500,-500,-500,-500,-500,-500,-500,-500,-500,-500,-500,-500,-500,-500,-500,-500,-500,-500,-500,-500,-500,-500,-500,-500,-500,-500,-500,-500,-500,-500,-500,-500,-500,-500,-500,-500,-500,-500,-500,-500,-500,-500,-500,-500,-500,-500,-500,-500,-500,-500,-500,-500,-500,-500,-500,-500,-500,-500,-500,-500,-500,-500,-500,-500,-500,-500,-500,-500,-500,-500,-500,-500,-500,-500,-500,-500,-500,-500,-500,-500,-500,-500,-500,-500,-500,-500,-500,-500,-500,-500,-500,-500,-500,-500,-500,-500,-500,-500,-500,-500,-500,-500,-500,-500,-500,-500,-500,-500,-500,-500,-500,-500,-500,-500,-500,-500,-500,-500,-500,-500,-500,-500,-500,-500,-500,-500,-500,-500,-500,-500,-500,-500,-500,-500,-500,-500,-500,-500,-500,-500,-500,-500,-500,-500,-500,-500,-500,-500,-500,-500,-500,-500,-500,-500,-500,-500,-500,-500,-500,-500,-500,-500,-500,-500,-500,-500,-500,-500,-500,-500,-500,-500,-500,-500,-500,-500,-500,-500,-500,-500,-500,-500,-500,-500,-500,-500,-500,-500,-500,-500,-500,-500,-500,-500,-500,-500,-500,-500,-500,-500,-500,-500,-500,-500,-500,-500,-500,-500,-500,-500,-500,-500,-500,-500,-500,-500,-500,-500,-500,-500,-500,-500,-500,-500,-500,-500,-500,-500,-500,-500,-500,-500,-500,-500,-500,-500,-500,-500,-500,-500,-500,-500,-500,-500,-500,-500,-500,-500,-500,-500,-500,-500,-500,-500,-500,-500,-500,-500,-500,-500,-500,-500,-500,-500,-500,-500,-500,-500,-500,-500,-500,-500,-500,-500,-500,-500,-500,-500,-500,-500,-500,-500,-500,-500,-500,-500,-500,-500,-500,-500,-500,-500,-500,-500,-500,-500,-500,-500,-500,-500,-500,-500,-500,-500,-500,-500,-500,-500,-500,-500,-500,-500,-500,-500,-500,-500,-500,-500,-500,-500,-500,-500,-500,-500,-500,-500,-500,-500,-500,-500,-500,-500,-500,-500,-500,-500,-500,-500,-500,-500,-500,-500,-500,-500,-500,-500,-500,-500,-500,-500,-500,-500,-500,-500,-500,-500,-500,-500,-500,-500,-500,-500,-500,-500,-500,-500,-500,-500
-225,-500,-500,-443,-500,-500,-500,-500,-500,-500,-500,-500,-500,-500,-500,-500,-500,-500,-500,-500,-500,-500,-500,-500,-500,-500,-500,-500,-500,-500,-500,-500,-500,-500,-500,-500,-500,-500,-500,-500,-500,-500,-500,-500,-500,-500,-500,-469,-500,-500,-500,-500,-500,-500,-496,-500,-500,-500,-500,-500,-500,-500,-500,-500,-500,-500,-500,-500,-500,-500,-500,-437,-500,-491,-500,-470,-500,-437,-500,-487,-500,-430,-500,-457,-482,-500,-500,-500,-500,-404,-500,-431,-339,-479,-492,-399,-435,-394,-427,-360,-411,-500,-399,-331,-357,-411,-333,-385,-430,-500,-340,-312,-409,-394,-500,-487,-417,-500,-486,-402,-435,-449,-403,-468,-355,-462,-439,-435,-452,-403,-473,-341,-284,-255,-275,-326,-246,-362,-287,-211,-368,-194,-213,-239,-211,-225,-195,-225,-195,-201,-238,-237,-229,-180,-222,-214,-176,-194,-219,-141,-129,-153,-185,-142,-161,-205,-162,-141,-151,-156,-149,-333,-198,-169,-143,-196,-137,-168,-162,-206,-124,-163,-198,-158,-174,-172,-174,-161,-188,-204,-216,-168,-160,-197,-171,-154,-135,-150,-132,-202,-182,-168,-142,-164,-171,-155,-161,-229,-182,-128,-151,-127,-173,-136,-144,-167,-135,-133,-147,-130,-143,-102,-115,-317,-105,-176,-88,-118,-77,-96,-70,-94,-92,-78,-100,-74,-93,-92,-95,-97,-76,-83,-76,-83,-78,-91,-90,-78,-101,-86,-74,-99,-75,-85,-76,-75,-88,-74,-74,-91,-94,-85,-62,-75,-99,-91,-89,-156,-84,-145,-75,-106,-99,-72,-83,-120,-92,-168,-85,-87,-88,-93,-95,-144,-195,-88,-96,-100,-117,-97,-94,-92,-118,-101,-75,-76,-102,-102,-88,-88,-84,-79,-103,-95,-98,-107,-182,-79,-71,-72,-90,-71,-90,-73,-65,-86,-91,-71,-63,-90,-99,-87,-101,-85,-75,-78,-86,-76,-88,-94,-71,-72,-77,-77,-104,-101,-82,-89,-84,-79,-73,-87,-87,-75,-62,-88,-75,-77,-70,-91,-79,-84,-71,-81,-74,-106,-76,-76,-81,-83,-83,-63,-90,-79,-75,-93,-90,-84,-69,-78,-87,-81,-74,-73,-78,-106,-69,-71,-83,-80,-77,-76,-78,-95,-73,-91,-86,-77,-97,-81,-86,-87,-85,-92,-74,-75,-78,-75,-76,-77,-81,-71,-73,-76,-76,-87,-80,-91,-100,-93,-85,-74,-79,-75,-142,-77,-93,-95,-111,-73,-116,-89,-125,-93,-91,-101,-96,-84,-62,-81,-69,-88,-70,-85,-77,-64,-86,-72,-69,-91,-80,-77,-80,-146,-86,-116,-78,-133,-75,-72,-85,-69,-98,-85,-84,-82,-86,-135,-87,-76,-70,-69,-83,-70,-70,-85,-75,-74,-112,-91,-70,-81,-91,-73,-93,-81,-96,-80,-84,-78,-171,-74,-112,-79,-75,-148,-77,-80,-79,-85,-91,-94,-113,-76,-88,-75,-90,-120,-64,-83
-500,-500,-500,-500,-500,-500,-500,-500,-443,-338,-220,-500,-500,-360,-500,-172,-500,-221,-429,-451,-276,-500,-358,-500,-500,-447,-500,-500,-500,-500,-500,-500,-500,-500,-500,-500,-500,-500,-500,-500,-500,-500,-500,-500,-500,-500,-500,-500,-500,-500,-500,-500,-500,-500,-500,-500,-500,-500,-500,-500,-500,-500,-500,-500,-500,-500,-500,-500,-500,-500,-500,-500,-500,-500,-500,-500,-500,-500,-500,-500,-500,-500,-500,-500,-500,-500,-500,-500,-500,-500,-500,-500,-500,-500,-500,-500,-500,-500,-500,-500,-500,-500,-500,-500,-500,-500,-500,-500,-500,-500,-500,-500,-500,-500,-500,-500,-500,-500,-500,-500,-500,-500,-500,-500,-500,-500,-500,-500,-500,-500,-500,-500,-500,-500,-500,-500,-500,-500,-500,-500,-500,-500,-500,-500,-500,-500,-500,-500,-500,-500,-500,-500,-500,-500,-500,-500,-500,-500,-500,-500,-500,-500,-500,-500,-500,-500,-500,-500,-500,-500,-500,-500,-500,-500,-500,-500,-500,-500,-500,-500,-500,-500,-500,-500,-500,-500,-500,-500,-500,-500,-500,-500,-500,-500,-500,-500,-500,-500,-500,-500,-500,-500,-500,-500,-500,-500,-500,-500,-500,-500,-500,-500,-500,-500,-500,-500,-500,-500,-500,-500,-500,-500,-500,-500,-500,-500,-500,-500,-500,-500,-500,-500,-500,-500,-500,-500,-500,-500,-500,-500,-500,-500,-500,-500,-500,-500,-500,-500,-500,-500,-500,-500,-500,-500,-500,-500,-500,-500,-500,-500,-500,-500,-500,-500,-500,-500,-500,-500,-500,-500,-500,-500,-500,-500,-500,-500,-500,-500,-500,-500,-500,-500,-500,-500,-500,-500,-500,-500,-414,-500,-500,-500,-500,-500,-500,-500,-500,-500,-500,-500,-500,-500,-500,-500,-500,-500,-500,-500,-500,-500,-500,-500,-500,-500,-500,-500,-500,-500,-500,-500,-500,-500,-500,-500,-500,-500,-500,-500,-500,-500,-500,-500,-500,-500,-500,-500,-500,-500,-500,-500,-500,-500,-500,-500,-500,-500,-500,-500,-500,-500,-500,-500,-500,-500,-500,-500,-500,-500,-500,-500,-500,-500,-500,-500,-500,-500,-500,-500,-500,-500,-500,-500,-500,-500,-500,-500,-500,-500,-500,-500,-500,-500,-500,-500,-500,-500,-500,-500,-500,-500,-500,-500,-500,-500,-500,-500,-500,-500,-269,-326,-411,-233,-215,-213,-151,-164,-177,-161,-198,-153,-127,-136,-137,-178,-332,-153,-224,-180,-129,-143,-213,-185,-127,-163,-144,-212,-195,-171,-161,-140,-136,-150,-165,-141,-183,-245,-146,-162,-165,-192,-189,-185,-168,-152,-159,-207,-129,-219,-162,-230,-148,-187,-140,-126,-133,-177,-137,-170,-114,-166,-112,-110,-163,-107,-118,-104,-119,-105,-133,-127,-88,-164,-115,-100,-81,-119,-104,-89,-132,-94,-75,-126,-77,-109,-133,-96,-99,-101,-94,-89,-91,-107,-116,-83,-97,-107,-88,-115,-104,-121
-500,-305,-500,-500,-500,-500,-304,-291,-353,-217,-242,-236,-310,-483,-456,-500,-500,-500,-498,-500,-500,-500,-500,-500,-500,-500,-500,-500,-500,-500,-500,-500,-500,-500,-500,-500,-500,-500,-500,-500,-500,-500,-500,-500,-500,-500,-500,-500,-500,-500,-500,-500,-410,-469,-500,-500,-500,-500,-500,-500,-500,-281,-280,-355,-500,-418,-363,-257,-365,-289,-500,-271,-214,-262,-195,-206,-182,-332,-161,-275,-152,-174,-180,-183,-155,-177,-153,-180,-136,-260,-155,-169,-137,-152,-182,-146,-138,-134,-213,-174,-150,-159,-158,-145,-187,-162,-150,-160,-151,-118,-238,-124,-154,-113,-157,-137,-145,-126,-124,-125,-144,-222,-144,-104,-124,-93,-108,-122,-122,-98,-92,-85,-82,-79,-126,-93,-86,-96,-92,-84,-77,-72,-94,-85,-72,-84,-90,-119,-75,-84,-87,-302,-70,-65,-98,-80,-101,-72,-89,-104,-94,-99,-81,-77,-91,-86,-72,-108,-71,-86,-86,-93,-76,-93,-69,-85,-74,-82,-111,-95,-94,-85,-111,-96,-113,-79,-64,-169,-79,-82,-84,-113,-105,-84,-63,-105,-75,-96,-84,-118,-88,-83,-114,-84,-110,-96,-92,-96,-107,-96,-111,-112,-92,-84,-96,-86,-85,-211,-104,-86,-72,-161,-105,-79,-105,-95,-90,-81,-140,-71,-92,-75,-64,-92,-81,-82,-93,-77,-70,-70,-63,-159,-74,-84,-93,-112,-99,-93,-85,-63,-94,-73,-111,-77,-76,-77,-78,-94,-69,-96,-81,-89,-88,-88,-64,-64,-165,-82,-82,-94,-123,-62,-64,-71,-93,-90,-61,-82,-94,-62,-86,-74,-75,-72,-120,-83,-71,-90,-87,-76,-63,-75,-75,-124,-164,-64,-93,-71,-90,-72,-81,-89,-500,-86,-95,-86,-71,-77,-72,-84,-77,-96,-85,-64,-88,-64,-110,-118,-85,-65,-231,-93,-77,-74,-177,-94,-92,-76,-104,-72,-93,-84,-95,-111,-89,-116,-111,-91,-84,-71,-144,-93,-64,-72,-74,-78,-87,-92,-87,-73,-295,-91,-91,-90,-104,-116,-134,-96,-133,-129,-116,-96,-95,-95,-143,-88,-185,-125,-91,-115,-108,-119,-136,-107,-143,-220,-162,-126,-139,-72,-83,-87,-115,-102,-76,-101,-103,-82,-85,-99,-91,-97,-102,-95,-78,-78,-148,-75,-254,-63,-100,-64,-120,-70,-69,-161,-74,-95,-66,-89,-85,-81,-82,-81,-90,-66,-93,-141,-91,-229,-77,-68,-296,-72,-78,-72,-93,-87,-91,-72,-69,-78,-78,-86,-76,-94,-74,-89,-81,-157,-88,-109,-67,-70,-105,-90,-99,-76,-86,-108,-82,-89,-80,-76,-123,-89,-100,-84,-98,-88,-89,-104,-82,-80,-88,-86,-77,-69,-82,-94,-77,-88,-128,-92,-125,-175,-99,-90,-89,-85,-69,-98,-75,-98,-86,-84,-90,-69,-82,-79,-79,-81,-89,-70,-128,-101,-153,-159,-87,-100
-469,-225,-297,-317,-224,-308,-252,-291,-342,-262,-198,-334,-243,-231,-157,-142,-177,-144,-131,-174,-109,-133,-184,-137,-192,-162,-163,-165,-161,-126,-158,-111,-144,-228,-259,-189,-148,-257,-174,-160,-100,-187,-167,-141,-130,-125,-123,-116,-115,-108,-101,-103,-135,-92,-105,-107,-121,-103,-133,-118,-141,-117,-184,-211,-107,-98,-109,-127,-89,-117,-140,-126,-140,-117,-107,-93,-103,-500,-145,-123,-134,-115,-124,-129,-117,-110,-117,-125,-112,-93,-107,-105,-94,-89,-95,-179,-107,-107,-101,-91,-109,-88,-105,-99,-91,-141,-111,-127,-117,-106,-118,-132,-97,-103,-136,-117,-142,-124,-85,-104,-98,-90,-92,-113,-103,-110,-113,-106,-125,-97,-111,-129,-100,-85,-79,-108,-123,-115,-97,-147,-113,-98,-99,-89,-97,-81,-79,-103,-88,-73,-92,-95,-84,-96,-82,-74,-71,-121,-98,-84,-80,-89,-113,-134,-82,-100,-109,-79,-115,-78,-95,-176,-105,-101,-85,-97,-113,-111,-92,-72,-142,-93,-109,-78,-79,-68,-64,-64,-91,-84,-79,-62,-73,-72,-68,-100,-86,-83,-87,-63,-85,-63,-116,-76,-71,-88,-91,-215,-64,-101,-77,-100,-87,-65,-69,-107,-73,-71,-94,-68,-87,-82,-71,-72,-73,-86,-88,-159,-78,-84,-75,-94,-70,-91,-160,-91,-70,-67,-67,-70,-62,-77,-88,-92,-174,-82,-92,-97,-82,-86,-64,-77,-66,-89,-72,-96,-82,-70,-76,-73,-88,-78,-99,-92,-89,-65,-91,-77,-160,-72,-81,-71,-73,-86,-79,-86,-92,-98,-73,-80,-89,-73,-107,-89,-88,-79,-78,-72,-101,-95,-64,-87,-90,-79,-85,-98,-92,-71,-86,-186,-64,-70,-88,-77,-72,-94,-74,-63,-97,-87,-80,-72,-86,-74,-69,-93,-93,-72,-78,-71,-63,-127,-69,-96,-108,-87,-147,-73,-78,-75,-78,-82,-116,-81,-78,-78,-72,-287,-63,-129,-80,-166,-69,-94,-89,-80,-73,-76,-91,-141,-181,-74,-93,-85,-75,-89,-81,-64,-68,-65,-131,-87,-96,-72,-93,-90,-89,-66,-67,-89,-77,-93,-85,-93,-70,-90,-74,-74,-71,-83,-64,-79,-81,-82,-82,-68,-78,-112,-74,-96,-66,-124,-72,-80,-91,-91,-178,-85,-82,-139,-71,-73,-64,-90,-100,-89,-86,-75,-74,-121,-89,-62,-89,-96,-78,-72,-83,-89,-84,-86,-111,-73,-79,-80,-69,-89,-74,-63,-74,-72,-89,-160,-89,-81,-88,-66,-91,-75,-73,-83,-76,-65,-90,-92,-85,-74,-87,-80,-79,-69,-78,-95,-75,-71,-84,-93,-88,-74,-88,-76,-97,-101,-74,-66,-88,-89,-75,-92,-87,-66,-71,-95,-86,-177,-65,-131,-84,-86,-89,-97,-81,-71,-94,-73,-71,-63,-83,-74,-94,-74,-72,-73,-83,-65,-96,-89,-95,-90,-105,-75
-500,-500,-500,-379,-500,-319,-367,-411,-342,-328,-234,-280,-273,-149,-204,-170,-176,-112,-102,-118,-204,-112,-255,-143,-184,-139,-115,-140,-171,-229,-92,-152,-135,-137,-97,-120,-99,-94,-105,-139,-204,-109,-102,-125,-114,-105,-106,-75,-102,-91,-98,-113,-100,-111,-89,-187,-111,-288,-113,-104,-102,-101,-114,-111,-102,-121,-123,-108,-118,-94,-166,-115,-129,-141,-90,-95,-120,-132,-193,-106,-139,-139,-102,-99,-102,-101,-113,-95,-90,-92,-114,-97,-97,-125,-111,-123,-94,-89,-97,-89,-116,-89,-116,-94,-99,-136,-79,-116,-120,-156,-140,-113,-91,-288,-91,-274,-103,-108,-145,-315,-84,-96,-106,-200,-100,-96,-82,-91,-77,-106,-89,-93,-92,-97,-81,-100,-85,-128,-179,-91,-89,-92,-70,-86,-93,-100,-102,-66,-85,-112,-81,-123,-110,-75,-103,-97,-85,-82,-73,-90,-84,-79,-100,-107,-98,-76,-98,-79,-79,-103,-320,-96,-92,-99,-69,-88,-83,-64,-117,-213,-118,-94,-74,-93,-87,-84,-84,-77,-96,-92,-75,-86,-145,-82,-81,-93,-66,-86,-66,-92,-72,-88,-64,-95,-117,-71,-64,-136,-159,-90,-74,-74,-102,-64,-93,-94,-99,-71,-92,-71,-99,-77,-87,-91,-72,-78,-78,-89,-83,-90,-70,-93,-84,-77,-91,-65,-95,-72,-75,-65,-65,-200,-73,-193,-73,-85,-79,-152,-80,-64,-205,-74,-94,-73,-109,-86,-70,-82,-75,-106,-83,-87,-70,-88,-82,-72,-97,-86,-87,-74,-80,-70,-102,-82,-75,-90,-87,-78,-78,-124,-79,-79,-89,-92,-72,-77,-73,-73,-79,-86,-90,-141,-89,-61,-66,-76,-80,-92,-71,-69,-67,-68,-80,-82,-72,-92,-74,-63,-96,-150,-91,-73,-93,-98,-85,-184,-72,-75,-110,-87,-76,-85,-74,-74,-72,-64,-65,-87,-177,-85,-74,-96,-73,-71,-86,-94,-95,-74,-66,-91,-62,-74,-123,-83,-88,-75,-76,-92,-97,-71,-138,-87,-96,-88,-81,-81,-79,-72,-81,-81,-180,-75,-70,-78,-85,-84,-86,-92,-91,-86,-79,-118,-105,-89,-63,-62,-97,-108,-103,-80,-71,-78,-89,-74,-227,-90,-76,-92,-93,-94,-92,-78,-75,-79,-71,-73,-91,-71,-139,-62,-153,-85,-74,-63,-64,-87,-76,-73,-78,-71,-80,-76,-90,-80,-78,-77,-81,-91,-83,-101,-88,-77,-98,-64,-77,-83,-92,-86,-69,-64,-87,-79,-86,-90,-74,-96,-75,-75,-82,-75,-97,-101,-77,-76,-71,-72,-83,-89,-63,-91,-70,-81,-73,-91,-69,-89,-82,-91,-89,-94,-172,-140,-142,-83,-124,-125,-105,-133,-95,-135,-134,-115,-120,-126,-106,-96,-133,-87,-108,-120,-94,-107,-90,-101,-94,-192,-82,-103,-96,-82,-92,-83,-100,-92,-76,-100,-79,-74,-62,-107
-500,-500,-500,-500,-500,-500,-500,-500,-500,-500,-500,-500,-500,-500,-500,-500,-500,-500,-500,-500,-500,-500,-500,-500,-500,-500,-500,-500,-500,-500,-500,-500,-500,-500,-500,-500,-500,-500,-500,-500,-500,-500,-500,-500,-500,-500,-500,-500,-500,-500,-500,-500,-500,-500,-500,-500,-500,-500,-500,-500,-500,-500,-500,-500,-436,-399,-364,-500,-500,-500,-489,-500,-500,-500,-500,-500,-500,-500,-500,-500,-500,-500,-500,-500,-500,-500,-500,-500,-500,-500,-500,-500,-500,-500,-500,-500,-500,-500,-500,-500,-500,-500,-500,-500,-500,-500,-500,-500,-500,-500,-500,-500,-500,-500,-500,-500,-500,-500,-500,-500,-500,-500,-500,-500,-500,-500,-500,-500,-500,-500,-500,-500,-500,-500,-500,-500,-500,-500,-500,-500,-500,-500,-500,-500,-500,-500,-500,-500,-500,-500,-500,-500,-500,-500,-500,-500,-500,-500,-500,-500,-500,-500,-500,-500,-500,-500,-500,-500,-500,-500,-500,-500,-500,-500,-500,-500,-500,-500,-500,-500,-500,-500,-500,-500,-500,-500,-500,-500,-500,-500,-404,-500,-313,-479,-199,-202,-253,-195,-202,-168,-192,-325,-219,-192,-186,-206,-147,-185,-150,-146,-115,-126,-142,-124,-93,-108,-147,-115,-88,-76,-68,-91,-103,-68,-89,-74,-105,-92,-117,-80,-107,-91,-123,-93,-89,-97,-114,-105,-72,-71,-98,-91,-102,-87,-84,-140,-94,-90,-71,-118,-95,-98,-109,-115,-95,-80,-104,-101,-126,-112,-82,-88,-74,-81,-65,-88,-75,-74,-70,-88,-78,-64,-73,-91,-98,-95,-72,-84,-102,-90,-66,-90,-73,-77,-64,-96,-64,-76,-96,-65,-73,-84,-93,-65,-215,-108,-290,-73,-66,-71,-83,-84,-75,-67,-77,-73,-76,-120,-81,-80,-256,-93,-76,-73,-98,-78,-74,-73,-98,-85,-127,-118,-64,-74,-77,-87,-95,-72,-76,-90,-97,-71,-179,-77,-80,-64,-70,-87,-72,-82,-75,-102,-77,-86,-78,-85,-63,-78,-91,-68,-76,-63,-73,-70,-100,-66,-80,-78,-79,-98,-83,-77,-100,-73,-91,-102,-75,-72,-91,-85,-81,-75,-75,-77,-76,-87,-89,-93,-98,-108,-105,-93,-74,-76,-129,-64,-82,-148,-85,-187,-95,-92,-111,-110,-63,-104,-98,-75,-105,-63,-64,-92,-86,-84,-84,-84,-74,-84,-94,-63,-97,-123,-105,-83,-89,-500,-75,-118,-73,-91,-84,-74,-71,-88,-77,-64,-119,-101,-75,-92,-88,-94,-90,-75,-72,-83,-86,-87,-96,-72,-97,-94,-64,-63,-86,-92,-65,-94,-82,-93,-93,-93,-75,-64,-72,-89,-79,-76,-85,-93,-83,-72,-97,-78,-76,-89,-64,-76,-104,-96,-74,-95,-155,-93,-72,-88,-83,-76,-77,-65,-64,-72,-89,-70,-76,-77,-74,-64,-92,-67,-77,-64,-103,-71,-121,-64,-72,-97,-100,-88
-240,-279,-189,-118,-254,-230,-210,-150,-176,-235,-167,-151,-285,-187,-154,-203,-194,-169,-291,-305,-344,-374,-270,-271,-324,-302,-287,-355,-385,-500,-346,-383,-318,-270,-348,-309,-475,-337,-500,-375,-222,-500,-303,-287,-417,-339,-303,-339,-360,-316,-368,-242,-257,-265,-278,-325,-376,-200,-183,-266,-331,-335,-333,-241,-342,-298,-318,-175,-167,-306,-182,-167,-236,-301,-177,-191,-183,-302,-202,-132,-162,-210,-147,-178,-244,-223,-129,-99,-169,-152,-114,-156,-141,-126,-189,-101,-115,-140,-141,-118,-115,-125,-119,-500,-157,-124,-100,-117,-90,-156,-93,-125,-138,-150,-119,-111,-91,-130,-109,-121,-114,-84,-121,-117,-123,-90,-263,-107,-153,-250,-106,-116,-91,-86,-106,-112,-157,-116,-111,-106,-104,-81,-98,-119,-85,-98,-85,-116,-177,-72,-89,-85,-92,-91,-110,-118,-91,-94,-106,-93,-85,-157,-81,-109,-89,-106,-99,-73,-90,-93,-87,-86,-73,-96,-92,-237,-77,-76,-110,-109,-94,-151,-107,-125,-89,-143,-76,-99,-76,-78,-89,-65,-105,-91,-72,-96,-65,-212,-73,-77,-89,-86,-67,-99,-74,-92,-92,-176,-76,-293,-76,-101,-94,-71,-103,-64,-97,-85,-99,-87,-68,-76,-90,-78,-83,-96,-72,-83,-110,-83,-95,-88,-73,-94,-83,-93,-68,-188,-77,-88,-125,-155,-85,-94,-88,-72,-133,-77,-65,-104,-106,-118,-103,-92,-80,-87,-125,-155,-89,-82,-115,-108,-86,-64,-98,-95,-79,-86,-87,-91,-83,-105,-65,-74,-75,-93,-82,-64,-113,-104,-103,-72,-65,-72,-91,-63,-81,-85,-79,-128,-85,-94,-67,-73,-73,-85,-94,-90,-77,-95,-75,-91,-86,-73,-229,-79,-95,-78,-93,-66,-77,-76,-76,-72,-96,-73,-84,-79,-86,-84,-96,-90,-64,-86,-74,-87,-94,-70,-289,-71,-94,-74,-63,-104,-62,-75,-76,-64,-83,-86,-199,-94,-87,-72,-69,-102,-75,-134,-96,-74,-90,-92,-71,-95,-113,-94,-73,-80,-77,-70,-80,-91,-84,-76,-63,-70,-78,-125,-62,-80,-79,-64,-156,-63,-83,-82,-72,-65,-112,-75,-104,-97,-97,-95,-77,-110,-90,-90,-117,-90,-65,-84,-91,-78,-64,-82,-116,-85,-96,-63,-77,-74,-156,-93,-102,-70,-72,-77,-93,-77,-99,-72,-100,-73,-191,-110,-73,-83,-82,-92,-74,-103,-71,-72,-104,-64,-90,-71,-73,-73,-177,-73,-73,-72,-82,-105,-98,-72,-93,-82,-77,-64,-80,-74,-74,-74,-90,-72,-171,-88,-85,-73,-130,-78,-94,-78,-74,-98,-103,-96,-72,-84,-92,-73,-81,-68,-74,-72,-89,-75,-78,-86,-79,-65,-87,-65,-78,-93,-74,-72,-79,-74,-110,-76,-95,-85,-82,-71,-64,-73,-74,-81,-86,-75,-113,-98,-71,-78,-65,-109
-500,-281,-500,-500,-500,-500,-500,-230,-457,-500,-428,-288,-322,-276,-199,-286,-252,-242,-355,-500,-360,-500,-313,-384,-393,-310,-250,-302,-500,-330,-322,-335,-323,-394,-360,-365,-500,-277,-295,-500,-406,-378,-295,-294,-447,-421,-500,-500,-500,-500,-500,-500,-500,-500,-500,-500,-500,-500,-500,-500,-500,-500,-500,-500,-500,-500,-500,-500,-500,-500,-500,-500,-500,-500,-500,-500,-500,-500,-500,-500,-500,-500,-500,-500,-500,-500,-500,-500,-500,-500,-500,-500,-500,-500,-500,-500,-500,-500,-500,-500,-500,-500,-500,-500,-500,-500,-500,-500,-500,-500,-500,-500,-500,-500,-500,-500,-500,-500,-500,-500,-500,-500,-500,-500,-500,-500,-500,-500,-500,-500,-500,-500,-500,-500,-500,-500,-500,-500,-500,-500,-500,-500,-500,-500,-500,-500,-500,-500,-500,-500,-500,-500,-500,-500,-500,-500,-500,-500,-500,-500,-500,-500,-500,-500,-500,-500,-500,-500,-500,-500,-500,-500,-500,-500,-500,-500,-500,-500,-500,-500,-500,-500,-500,-500,-500,-500,-500,-500,-500,-500,-500,-500,-500,-500,-500,-500,-500,-500,-500,-500,-500,-500,-500,-500,-500,-500,-500,-500,-500,-500,-500,-500,-500,-500,-500,-500,-500,-500,-500,-500,-500,-500,-500,-500,-500,-500,-500,-500,-500,-500,-500,-500,-500,-500,-500,-500,-500,-500,-500,-500,-500,-500,-500,-500,-500,-500,-500,-500,-500,-500,-500,-500,-500,-500,-500,-500,-500,-500,-500,-500,-500,-500,-500,-500,-500,-500,-500,-500,-500,-500,-500,-500,-500,-500,-500,-500,-500,-500,-500,-500,-500,-500,-500,-500,-500,-500,-500,-500,-500,-500,-500,-500,-500,-500,-500,-500,-500,-500,-500,-500,-500,-500,-500,-500,-500,-500,-500,-500,-500,-500,-500,-500,-500,-500,-500,-500,-500,-500,-500,-500,-500,-500,-500,-500,-500,-500,-500,-500,-500,-500,-500,-500,-500,-500,-500,-500,-500,-500,-500,-500,-500,-500,-500,-500,-500,-500,-500,-500,-500,-500,-500,-500,-500,-500,-500,-500,-500,-500,-500,-500,-500,-500,-500,-500,-500,-500,-500,-500,-500,-500,-500,-500,-500,-500,-500,-500,-500,-500,-500,-500,-500,-500,-500,-500,-500,-500,-500,-500,-500,-500,-500,-500,-500,-500,-500,-500,-500,-500,-500,-500,-500,-500,-500,-500,-500,-500,-500,-500,-500,-500,-500,-500,-500,-500,-500,-500,-500,-500,-500,-500,-500,-500,-500,-500,-500,-500,-500,-500,-500,-500,-500,-500,-500,-500,-500,-500,-500,-500,-500,-500,-500,-500,-500,-500,-500,-500,-500,-500,-500,-500,-500,-500,-500,-500,-500,-500,-500,-500,-500,-500,-500,-500,-500,-500,-500,-500,-500,-500,-500,-500,-500,-500,-500,-500,-500,-500,-500,-500,-500,-500,-500,-500,-500,-500,-500,-500,-500,-500,-500,-500,-500,-500,-500,-500,-500,-500,-500,-500,-500,-500
-487,-218,-262,-161,-200,-159,-163,-179,-157,-147,-204,-230,-195,-176,-164,-120,-188,-195,-169,-129,-254,-184,-225,-174,-169,-156,-180,-108,-144,-179,-200,-188,-157,-140,-217,-231,-105,-101,-148,-159,-121,-166,-176,-120,-182,-193,-145,-166,-138,-100,-122,-103,-121,-128,-156,-138,-132,-115,-118,-128,-116,-106,-144,-104,-97,-141,-104,-96,-107,-116,-96,-120,-97,-114,-108,-164,-127,-101,-89,-84,-88,-105,-88,-83,-88,-96,-120,-136,-82,-313,-94,-119,-160,-75,-96,-99,-94,-84,-83,-82,-84,-86,-85,-100,-64,-183,-84,-106,-93,-104,-199,-95,-80,-90,-88,-135,-88,-80,-103,-71,-175,-103,-92,-89,-94,-84,-83,-86,-69,-95,-93,-113,-86,-74,-143,-86,-98,-84,-83,-94,-86,-86,-100,-106,-121,-86,-139,-99,-84,-106,-217,-98,-112,-110,-104,-101,-107,-107,-92,-91,-96,-94,-91,-89,-86,-101,-86,-102,-94,-89,-100,-101,-103,-188,-88,-101,-89,-100,-114,-90,-86,-275,-124,-85,-76,-71,-121,-91,-105,-83,-78,-76,-85,-88,-131,-83,-85,-86,-91,-75,-91,-91,-91,-95,-84,-108,-90,-85,-90,-121,-90,-87,-102,-88,-74,-88,-112,-91,-158,-79,-92,-119,-110,-96,-99,-86,-84,-77,-69,-85,-88,-72,-86,-92,-87,-88,-93,-70,-84,-91,-83,-76,-89,-79,-90,-77,-90,-92,-93,-71,-84,-64,-92,-82,-76,-101,-184,-99,-77,-89,-84,-78,-144,-88,-93,-91,-163,-83,-94,-82,-95,-79,-76,-63,-89,-87,-113,-78,-83,-77,-71,-113,-79,-99,-84,-81,-85,-76,-78,-62,-89,-87,-79,-85,-83,-71,-72,-69,-94,-75,-93,-77,-83,-76,-75,-73,-136,-72,-76,-87,-72,-88,-187,-134,-71,-96,-80,-76,-72,-88,-130,-91,-95,-94,-93,-96,-76,-103,-93,-85,-65,-73,-63,-64,-65,-66,-413,-228,-76,-92,-77,-77,-94,-132,-63,-71,-96,-64,-105,-81,-78,-87,-63,-84,-167,-93,-62,-78,-80,-74,-108,-84,-73,-108,-63,-71,-110,-70,-72,-62,-75,-97,-86,-139,-90,-70,-95,-93,-96,-81,-64,-92,-82,-120,-146,-83,-92,-75,-91,-75,-73,-63,-96,-79,-93,-87,-86,-79,-85,-94,-88,-84,-149,-74,-90,-95,-137,-93,-90,-81,-91,-82,-73,-87,-96,-110,-76,-85,-92,-110,-71,-93,-64,-83,-85,-77,-87,-80,-89,-62,-97,-91,-85,-81,-87,-93,-94,-93,-94,-71,-89,-76,-89,-76,-74,-72,-85,-99,-141,-64,-93,-72,-90,-75,-72,-79,-88,-227,-78,-236,-75,-65,-78,-78,-114,-74,-71,-83,-71,-84,-195,-71,-85,-80,-78,-83,-76,-76,-93,-75,-79,-91,-81,-74,-78,-85,-96,-72,-70,-84,-79,-71,-69,-71,-64,-82,-199,-69,-88,-83
-484,-434,-196,-256,-176,-275,-221,-175,-251,-204,-149,-111,-111,-137,-114,-131,-183,-110,-140,-186,-143,-137,-111,-124,-112,-118,-112,-113,-99,-98,-117,-98,-124,-138,-96,-119,-115,-120,-125,-107,-127,-128,-95,-97,-91,-108,-179,-109,-93,-109,-196,-130,-123,-146,-121,-87,-94,-210,-130,-107,-136,-153,-112,-140,-113,-111,-115,-112,-124,-119,-131,-162,-140,-179,-112,-94,-164,-119,-100,-125,-99,-136,-118,-88,-102,-500,-98,-94,-91,-105,-71,-84,-197,-87,-138,-82,-98,-92,-71,-104,-102,-93,-86,-84,-114,-179,-72,-83,-114,-169,-103,-80,-89,-102,-120,-76,-144,-92,-84,-108,-100,-92,-64,-80,-92,-102,-95,-68,-102,-82,-151,-64,-87,-76,-66,-77,-97,-89,-81,-93,-90,-82,-103,-72,-93,-118,-161,-103,-94,-90,-96,-91,-92,-84,-71,-99,-69,-95,-73,-73,-91,-79,-65,-83,-96,-88,-96,-94,-84,-99,-83,-97,-97,-144,-97,-66,-83,-93,-64,-93,-94,-81,-65,-82,-80,-127,-86,-92,-112,-80,-77,-117,-87,-92,-81,-72,-64,-86,-74,-89,-86,-103,-84,-111,-104,-83,-72,-158,-99,-90,-84,-87,-69,-98,-84,-94,-105,-103,-92,-103,-93,-95,-80,-66,-65,-100,-146,-65,-93,-112,-85,-121,-78,-74,-96,-90,-65,-105,-114,-124,-88,-98,-103,-128,-88,-123,-104,-80,-152,-85,-89,-72,-84,-73,-81,-93,-85,-94,-133,-102,-85,-96,-157,-88,-73,-114,-93,-73,-92,-73,-94,-73,-93,-97,-89,-65,-65,-75,-78,-72,-74,-68,-63,-78,-65,-87,-79,-83,-109,-97,-103,-65,-90,-86,-92,-80,-117,-64,-75,-71,-92,-87,-72,-76,-79,-85,-75,-81,-74,-84,-95,-87,-73,-95,-121,-80,-77,-102,-81,-75,-64,-77,-66,-78,-76,-72,-77,-65,-77,-87,-91,-83,-75,-80,-93,-109,-63,-82,-64,-84,-82,-90,-87,-71,-91,-80,-72,-85,-94,-88,-88,-65,-82,-75,-92,-142,-85,-93,-63,-131,-81,-91,-76,-65,-64,-78,-89,-72,-72,-62,-77,-75,-76,-114,-76,-81,-77,-75,-79,-95,-72,-84,-83,-77,-101,-97,-71,-80,-75,-95,-75,-112,-81,-94,-72,-78,-62,-72,-109,-89,-94,-84,-76,-77,-83,-72,-120,-64,-127,-74,-89,-90,-74,-80,-77,-93,-87,-61,-93,-73,-88,-86,-104,-63,-85,-93,-75,-171,-94,-113,-95,-80,-76,-92,-81,-77,-74,-83,-72,-90,-62,-72,-64,-78,-77,-80,-83,-85,-77,-172,-93,-106,-166,-90,-72,-102,-78,-95,-76,-138,-74,-82,-75,-63,-85,-78,-92,-76,-95,-78,-99,-128,-63,-77,-95,-79,-89,-80,-128,-92,-78,-81,-89,-92,-113,-111,-82,-83,-101,-77,-77,-86,-75,-114,-81,-95,-76,-78,-77,-108
-500,-500,-500,-500,-500,-500,-500,-500,-500,-500,-500,-500,-500,-500,-500,-500,-500,-500,-500,-500,-500,-500,-500,-500,-500,-500,-500,-500,-500,-500,-500,-500,-500,-500,-500,-500,-500,-500,-500,-500,-500,-500,-500,-500,-500,-500,-500,-500,-500,-500,-500,-500,-500,-500,-500,-500,-500,-500,-500,-500,-500,-500,-500,-500,-500,-500,-500,-500,-500,-500,-500,-500,-500,-500,-500,-500,-500,-500,-500,-500,-500,-500,-500,-500,-500,-500,-500,-500,-500,-500,-500,-500,-500,-500,-500,-500,-500,-500,-500,-500,-500,-500,-500,-500,-500,-500,-500,-500,-500,-500,-500,-500,-500,-500,-500,-500,-500,-500,-500,-500,-500,-500,-500,-500,-500,-500,-500,-500,-500,-500,-500,-500,-500,-500,-500,-500,-500,-500,-500,-500,-500,-500,-500,-500,-500,-500,-500,-500,-500,-500,-500,-500,-500,-500,-500,-500,-500,-500,-500,-500,-500,-500,-500,-500,-500,-500,-500,-500,-500,-500,-500,-500,-500,-500,-500,-500,-500,-500,-500,-500,-500,-500,-500,-500,-500,-500,-500,-500,-500,-500,-500,-500,-500,-500,-500,-500,-500,-500,-500,-500,-500,-500,-500,-500,-500,-500,-500,-500,-500,-500,-500,-500,-500,-500,-500,-500,-500,-500,-500,-500,-500,-500,-500,-500,-500,-500,-500,-500,-500,-500,-500,-500,-500,-500,-500,-500,-500,-500,-500,-500,-500,-500,-500,-500,-500,-500,-500,-500,-500,-500,-500,-500,-500,-500,-500,-500,-500,-500,-500,-500,-500,-500,-500,-500,-500,-500,-500,-500,-500,-500,-500,-500,-500,-500,-500,-500,-500,-500,-500,-500,-500,-500,-500,-500,-500,-500,-500,-500,-500,-500,-500,-500,-500,-500,-500,-500,-500,-500,-500,-500,-500,-500,-500,-500,-500,-500,-500,-500,-500,-500,-500,-500,-500,-500,-500,-500,-500,-500,-500,-500,-500,-500,-500,-500,-500,-500,-500,-500,-500,-500,-500,-500,-500,-500,-500,-500,-500,-500,-500,-500,-500,-500,-500,-500,-500,-500,-500,-500,-500,-500,-500,-500,-500,-500,-500,-500,-500,-500,-500,-500,-500,-500,-500,-500,-500,-500,-500,-500,-500,-500,-500,-500,-500,-500,-500,-500,-500,-500,-500,-500,-500,-500,-500,-500,-500,-500,-500,-500,-500,-500,-500,-500,-500,-500,-500,-500,-500,-500,-500,-500,-500,-500,-500,-500,-500,-500,-500,-500,-500,-500,-500,-500,-500,-500,-500,-500,-500,-500,-500,-500,-500,-500,-500,-500,-500,-500,-500,-500,-500,-500,-500,-500,-500,-500,-500,-500,-500,-500,-500,-500,-500,-500,-500,-500,-500,-500,-500,-500,-500,-500,-500,-500,-500,-500,-500,-500,-500,-500,-500,-500,-500,-500,-500,-500,-500,-500,-500,-500,-500,-500,-500,-500,-500,-500,-500,-500,-500,-500,-500,-500,-500,-500,-500,-500,-500,-500,-500,-500,-500,-500,-500,-500,-500,-500,-500,-500,-500,-500,-500,-500
-457,-500,-500,-500,-500,-479,-493,-500,-500,-500,-500,-500,-500,-500,-500,-500,-500,-500,-500,-500,-500,-500,-500,-500,-500,-500,-500,-500,-500,-500,-500,-500,-500,-500,-500,-500,-500,-500,-500,-500,-500,-500,-500,-500,-500,-500,-500,-500,-500,-500,-500,-500,-500,-500,-500,-500,-500,-500,-500,-500,-500,-500,-500,-500,-500,-500,-500,-500,-500,-500,-500,-500,-500,-500,-500,-500,-500,-500,-500,-500,-500,-500,-500,-500,-500,-500,-500,-500,-500,-500,-500,-500,-500,-500,-500,-500,-500,-500,-500,-500,-500,-500,-500,-500,-500,-500,-500,-500,-500,-500,-500,-500,-500,-500,-500,-500,-500,-500,-500,-500,-500,-500,-500,-500,-500,-500,-500,-500,-500,-500,-500,-500,-500,-500,-500,-500,-500,-500,-500,-500,-500,-500,-500,-500,-500,-500,-500,-500,-500,-500,-500,-500,-500,-500,-500,-500,-500,-500,-500,-500,-500,-500,-500,-500,-500,-500,-500,-500,-500,-500,-500,-500,-500,-500,-500,-500,-500,-500,-500,-500,-500,-500,-500,-500,-500,-500,-500,-500,-500,-500,-500,-500,-500,-500,-500,-500,-500,-500,-500,-500,-500,-500,-500,-500,-500,-500,-500,-500,-500,-500,-500,-500,-500,-500,-500,-500,-500,-500,-500,-500,-500,-500,-500,-500,-500,-500,-500,-500,-500,-500,-500,-500,-500,-500,-500,-500,-500,-500,-500,-500,-500,-500,-500,-500,-500,-500,-500,-500,-500,-500,-500,-500,-500,-500,-500,-500,-500,-500,-500,-500,-500,-500,-500,-500,-500,-500,-500,-500,-500,-500,-500,-500,-500,-500,-500,-500,-500,-500,-500,-500,-500,-500,-500,-500,-500,-500,-500,-500,-500,-500,-500,-500,-500,-500,-500,-500,-500,-500,-500,-500,-500,-500,-500,-500,-500,-500,-500,-500,-500,-500,-500,-500,-500,-500,-500,-500,-500,-500,-500,-500,-500,-500,-500,-500,-500,-500,-500,-500,-500,-500,-500,-500,-500,-500,-500,-500,-500,-500,-500,-500,-500,-500,-500,-500,-500,-500,-500,-500,-500,-500,-500,-500,-500,-500,-500,-500,-500,-500,-500,-500,-500,-500,-500,-500,-500,-500,-500,-500,-500,-500,-500,-500,-500,-500,-500,-500,-500,-500,-500,-500,-500,-500,-500,-500,-500,-500,-500,-500,-500,-500,-500,-500,-500,-500,-500,-500,-500,-500,-500,-500,-500,-500,-500,-500,-500,-500,-500,-500,-500,-500,-500,-500,-500,-500,-500,-500,-500,-500,-500,-500,-500,-500,-500,-500,-500,-500,-500,-500,-500,-500,-500,-500,-500,-500,-500,-500,-500,-500,-500,-500,-500,-500,-500,-500,-500,-500,-500,-500,-500,-500,-500,-500,-500,-500,-500,-500,-500,-500,-500,-500,-500,-500,-500,-500,-500,-500,-500,-500,-500,-500,-500,-500,-500,-500,-500,-500,-500,-500,-500,-500,-500,-500,-500,-500,-500,-500,-500,-500,-500,-500,-500,-500,-500,-500,-500,-500,-500,-500,-500,-500
-500,-323,-489,-307,-273,-294,-183,-149,-208,-210,-164,-239,-186,-112,-148,-315,-196,-337,-294,-197,-362,-239,-494,-499,-484,-500,-500,-377,-415,-437,-406,-395,-500,-327,-500,-500,-330,-282,-347,-276,-266,-337,-317,-284,-321,-419,-448,-303,-443,-449,-312,-365,-260,-268,-375,-341,-396,-292,-446,-245,-356,-500,-437,-312,-485,-416,-265,-358,-374,-269,-382,-498,-369,-339,-293,-269,-457,-304,-338,-202,-239,-255,-339,-287,-432,-185,-162,-331,-147,-204,-188,-155,-136,-193,-196,-199,-150,-195,-116,-127,-156,-181,-180,-155,-148,-193,-170,-149,-180,-147,-128,-169,-148,-162,-128,-149,-133,-131,-121,-162,-138,-132,-140,-115,-115,-140,-163,-164,-129,-136,-125,-114,-155,-187,-179,-155,-150,-120,-121,-131,-127,-155,-210,-133,-162,-179,-147,-185,-174,-140,-144,-137,-151,-160,-182,-107,-127,-151,-154,-188,-182,-153,-211,-117,-151,-142,-151,-140,-152,-143,-140,-131,-118,-133,-180,-131,-142,-148,-142,-148,-125,-138,-107,-171,-136,-131,-141,-125,-191,-286,-133,-152,-147,-134,-127,-113,-120,-144,-500,-160,-120,-144,-125,-104,-144,-156,-159,-172,-135,-158,-205,-132,-130,-106,-227,-189,-225,-114,-156,-117,-129,-97,-118,-130,-116,-123,-110,-91,-108,-174,-102,-134,-104,-103,-87,-84,-104,-151,-172,-102,-90,-73,-81,-107,-125,-127,-95,-110,-92,-73,-113,-172,-80,-102,-73,-112,-72,-65,-63,-71,-138,-89,-104,-114,-212,-94,-104,-84,-74,-91,-92,-81,-88,-92,-79,-87,-179,-130,-76,-81,-204,-77,-85,-71,-74,-89,-64,-85,-81,-81,-76,-113,-106,-102,-84,-74,-83,-84,-83,-103,-76,-102,-93,-94,-75,-67,-89,-83,-86,-93,-93,-73,-64,-95,-76,-119,-126,-95,-83,-92,-80,-80,-98,-80,-99,-107,-96,-85,-89,-153,-91,-133,-103,-104,-65,-77,-288,-166,-89,-140,-73,-84,-95,-79,-101,-88,-78,-74,-73,-103,-214,-80,-93,-74,-73,-95,-100,-88,-82,-103,-97,-139,-100,-63,-93,-71,-108,-82,-83,-126,-102,-77,-76,-73,-94,-65,-110,-84,-85,-62,-87,-65,-163,-89,-67,-103,-83,-76,-100,-79,-98,-90,-88,-89,-101,-72,-72,-99,-98,-92,-65,-101,-72,-119,-109,-83,-67,-75,-85,-86,-110,-96,-126,-79,-83,-73,-79,-72,-85,-89,-92,-100,-89,-79,-84,-95,-66,-93,-92,-82,-88,-76,-78,-81,-97,-95,-100,-76,-81,-146,-85,-88,-72,-82,-98,-97,-84,-105,-85,-92,-72,-89,-92,-89,-90,-70,-81,-84,-94,-74,-71,-86,-65,-76,-83,-65,-73,-96,-76,-83,-102,-122,-88,-74,-91,-76,-81,-64,-203,-77,-77,-83,-76,-85,-92,-93,-81,-88,-82,-101,-68,-79,-64,-103,-85,-72,-99,-95,-87,-74
-500,-500,-500,-500,-348,-470,-500,-500,-500,-500,-500,-500,-500,-500,-500,-500,-500,-247,-500,-500,-485,-500,-500,-500,-500,-500,-500,-447,-500,-500,-500,-395,-500,-500,-473,-331,-386,-477,-367,-407,-443,-340,-500,-332,-398,-399,-387,-279,-478,-353,-302,-345,-358,-364,-500,-447,-387,-384,-446,-260,-355,-275,-301,-302,-164,-243,-189,-188,-192,-189,-193,-223,-213,-191,-189,-182,-190,-248,-231,-180,-215,-235,-270,-321,-358,-500,-500,-492,-500,-500,-500,-500,-500,-500,-500,-500,-500,-500,-500,-500,-500,-500,-500,-500,-500,-500,-500,-500,-500,-500,-500,-500,-500,-500,-500,-500,-500,-500,-500,-500,-500,-500,-500,-500,-500,-500,-500,-500,-500,-500,-500,-500,-500,-500,-500,-500,-500,-500,-500,-500,-500,-500,-500,-500,-500,-500,-500,-500,-500,-500,-500,-500,-500,-500,-500,-500,-500,-500,-500,-500,-500,-500,-500,-500,-500,-500,-500,-500,-500,-500,-500,-500,-500,-500,-500,-500,-500,-500,-500,-500,-500,-500,-500,-500,-500,-500,-500,-500,-500,-500,-500,-500,-500,-500,-500,-500,-500,-500,-500,-500,-500,-500,-500,-500,-500,-500,-500,-500,-500,-500,-500,-500,-500,-500,-500,-500,-500,-500,-500,-500,-500,-500,-500,-500,-500,-500,-500,-500,-500,-500,-500,-500,-500,-500,-500,-500,-500,-500,-500,-500,-500,-500,-500,-500,-500,-500,-500,-500,-500,-500,-500,-500,-500,-500,-500,-500,-500,-500,-500,-500,-500,-500,-500,-500,-500,-500,-500,-500,-500,-500,-500,-500,-500,-500,-500,-500,-500,-500,-500,-500,-500,-500,-500,-500,-500,-500,-500,-500,-500,-500,-500,-500,-500,-500,-500,-500,-500,-500,-500,-500,-500,-500,-500,-500,-500,-500,-500,-500,-500,-500,-500,-500,-500,-500,-500,-500,-500,-500,-500,-500,-500,-500,-500,-500,-500,-500,-500,-500,-500,-500,-500,-500,-500,-500,-500,-500,-500,-500,-500,-500,-500,-500,-500,-500,-500,-500,-500,-500,-500,-500,-500,-500,-500,-500,-500,-500,-500,-500,-500,-500,-500,-500,-500,-500,-500,-500,-500,-500,-500,-500,-500,-500,-500,-500,-500,-500,-500,-500,-500,-500,-500,-500,-500,-500,-500,-500,-500,-500,-500,-500,-500,-500,-500,-500,-500,-500,-500,-500,-500,-500,-500,-500,-500,-500,-500,-500,-500,-500,-500,-500,-500,-500,-500,-500,-500,-500,-500,-500,-500,-500,-500,-500,-500,-500,-500,-500,-500,-500,-500,-500,-500,-500,-500,-500,-500,-500,-500,-500,-500,-500,-500,-500,-500,-500,-500,-500,-500,-500,-500,-500,-500,-500,-500,-500,-500,-500,-500,-500,-500,-500,-500,-500,-500,-500,-500,-500,-500,-500,-500,-500,-500,-500,-500,-500,-500,-500,-500,-500,-500,-500,-500,-500,-500,-500,-500,-500,-500,-500,-500,-500,-500,-500,-500,-500,-500,-500,-500,-500,-500,-500
-500,-365,-500,-500,-500,-359,-207,-376,-307,-401,-469,-500,-500,-500,-500,-500,-500,-500,-500,-500,-500,-500,-500,-500,-500,-500,-500,-500,-500,-500,-500,-500,-500,-500,-432,-500,-500,-439,-443,-500,-424,-248,-362,-347,-388,-471,-234,-302,-406,-350,-336,-265,-441,-472,-261,-341,-286,-202,-209,-214,-208,-214,-175,-174,-193,-106,-108,-79,-116,-76,-77,-83,-83,-113,-205,-132,-83,-148,-72,-78,-150,-85,-96,-85,-93,-64,-72,-90,-64,-107,-72,-95,-73,-100,-105,-99,-78,-92,-73,-91,-88,-92,-89,-73,-76,-99,-84,-65,-88,-86,-92,-93,-103,-102,-85,-96,-93,-80,-84,-132,-87,-140,-123,-79,-72,-93,-98,-98,-99,-64,-84,-113,-116,-82,-126,-75,-100,-99,-133,-86,-81,-87,-113,-74,-87,-82,-87,-112,-74,-71,-76,-104,-96,-89,-116,-100,-115,-84,-69,-70,-139,-98,-87,-72,-78,-78,-76,-66,-103,-161,-97,-107,-156,-83,-109,-137,-76,-108,-117,-106,-101,-141,-79,-86,-102,-79,-90,-107,-76,-79,-64,-93,-95,-72,-71,-135,-72,-86,-101,-82,-95,-72,-113,-75,-86,-96,-96,-64,-75,-75,-64,-70,-81,-76,-79,-73,-75,-96,-106,-86,-74,-74,-93,-78,-111,-85,-91,-78,-93,-75,-77,-71,-78,-76,-89,-83,-65,-90,-89,-110,-73,-78,-63,-97,-75,-92,-79,-92,-71,-72,-78,-70,-91,-74,-75,-170,-63,-183,-78,-73,-75,-71,-62,-75,-113,-66,-65,-72,-100,-61,-83,-78,-75,-96,-70,-74,-72,-109,-79,-171,-63,-140,-106,-84,-93,-69,-83,-79,-86,-72,-72,-62,-85,-63,-84,-98,-80,-72,-104,-85,-94,-98,-79,-154,-76,-92,-77,-94,-66,-77,-81,-124,-76,-72,-64,-86,-105,-103,-86,-73,-82,-180,-73,-73,-70,-64,-74,-84,-72,-73,-96,-80,-83,-71,-75,-73,-76,-66,-128,-72,-106,-64,-74,-86,-94,-116,-75,-94,-76,-108,-111,-71,-70,-84,-64,-73,-78,-83,-111,-84,-64,-96,-81,-86,-76,-75,-75,-64,-89,-71,-126,-87,-97,-71,-101,-85,-80,-84,-84,-82,-83,-88,-63,-88,-76,-73,-97,-78,-90,-76,-86,-77,-78,-135,-74,-89,-72,-117,-74,-72,-64,-86,-64,-64,-76,-78,-93,-82,-66,-80,-102,-84,-97,-91,-78,-72,-71,-92,-90,-72,-74,-96,-72,-93,-64,-73,-95,-82,-97,-64,-97,-120,-98,-79,-95,-72,-105,-66,-81,-81,-81,-89,-88,-85,-78,-73,-71,-72,-73,-95,-142,-80,-65,-64,-86,-84,-87,-82,-81,-83,-64,-66,-73,-122,-109,-100,-64,-169,-87,-66,-95,-87,-65,-73,-76,-64,-74,-109,-65,-85,-104,-90,-97,-77,-78,-66,-72,-72,-74,-91,-64,-78,-89,-77,-72,-78,-86,-65,-133,-106
-500,-500,-500,-500,-500,-500,-500,-500,-500,-500,-500,-500,-500,-500,-500,-500,-500,-500,-500,-500,-500,-500,-500,-500,-500,-500,-500,-500,-500,-500,-500,-500,-500,-500,-500,-500,-500,-500,-500,-500,-500,-500,-500,-500,-500,-500,-500,-500,-500,-500,-500,-500,-500,-500,-500,-500,-500,-500,-500,-500,-500,-500,-500,-500,-500,-500,-500,-500,-500,-500,-500,-500,-500,-500,-500,-500,-500,-500,-500,-500,-500,-500,-500,-500,-500,-500,-500,-500,-500,-500,-500,-500,-500,-500,-500,-500,-500,-500,-500,-500,-500,-500,-500,-500,-500,-500,-500,-500,-500,-500,-500,-500,-500,-500,-500,-500,-500,-500,-500,-500,-500,-500,-500,-500,-500,-500,-500,-500,-500,-500,-500,-500,-500,-500,-500,-500,-500,-500,-500,-500,-500,-500,-500,-500,-500,-500,-500,-500,-500,-500,-500,-500,-500,-500,-500,-500,-500,-500,-500,-500,-500,-500,-500,-500,-500,-500,-500,-500,-500,-500,-500,-500,-500,-500,-500,-500,-500,-500,-500,-500,-500,-500,-500,-500,-500,-500,-500,-500,-500,-500,-500,-500,-500,-500,-500,-500,-500,-500,-500,-500,-500,-500,-500,-500,-500,-500,-500,-500,-500,-500,-500,-500,-500,-500,-500,-500,-500,-500,-500,-500,-500,-500,-500,-500,-500,-500,-500,-500,-500,-500,-500,-500,-500,-500,-500,-500,-500,-500,-500,-500,-500,-500,-500,-500,-500,-500,-500,-500,-500,-500,-500,-500,-500,-500,-500,-500,-500,-500,-500,-500,-500,-500,-500,-500,-500,-500,-500,-500,-500,-500,-500,-500,-500,-500,-500,-500,-500,-500,-500,-500,-500,-500,-500,-500,-500,-500,-500,-500,-500,-500,-500,-500,-500,-500,-500,-500,-500,-500,-500,-500,-500,-500,-500,-500,-500,-500,-500,-500,-500,-500,-500,-500,-500,-500,-500,-500,-500,-500,-500,-500,-500,-500,-500,-500,-500,-500,-500,-500,-500,-500,-500,-500,-500,-500,-500,-500,-500,-500,-500,-500,-500,-500,-500,-500,-500,-500,-500,-500,-500,-500,-500,-500,-500,-500,-500,-500,-500,-500,-500,-500,-500,-500,-500,-500,-500,-500,-500,-500,-500,-500,-500,-500,-500,-500,-500,-500,-500,-500,-500,-500,-500,-500,-500,-500,-500,-500,-500,-500,-500,-500,-500,-500,-500,-500,-500,-500,-500,-500,-500,-500,-500,-500,-500,-500,-500,-500,-500,-500,-500,-500,-500,-500,-500,-500,-500,-500,-500,-500,-500,-500,-500,-500,-500,-500,-500,-500,-500,-500,-500,-500,-500,-500,-500,-500,-500,-500,-500,-500,-500,-500,-500,-500,-500,-500,-500,-500,-500,-500,-500,-500,-500,-500,-500,-500,-500,-500,-500,-500,-500,-500,-500,-500,-500,-500,-500,-500,-500,-500,-500,-500,-500,-500,-500,-500,-500,-500,-500,-500,-500,-500,-500,-500,-500,-500,-500,-500,-500,-500,-500,-500,-500,-500,-500,-500,-500,-500,-500,-500,-500,-500
-500,-500,-500,-500,-500,-500,-500,-500,-500,-500,-500,-500,-500,-500,-500,-500,-500,-500,-500,-500,-500,-500,-500,-500,-500,-500,-500,-500,-500,-500,-500,-500,-500,-500,-500,-500,-500,-500,-500,-500,-500,-500,-500,-500,-500,-500,-500,-500,-500,-500,-500,-500,-500,-500,-500,-500,-500,-500,-500,-500,-500,-500,-500,-500,-500,-500,-500,-500,-500,-500,-500,-500,-500,-500,-500,-500,-500,-500,-500,-500,-500,-500,-500,-500,-500,-500,-500,-500,-500,-500,-500,-500,-500,-500,-500,-500,-500,-500,-500,-500,-500,-500,-500,-500,-500,-500,-500,-500,-500,-500,-500,-500,-500,-500,-500,-500,-500,-500,-500,-500,-500,-500,-500,-500,-500,-500,-500,-500,-500,-500,-500,-500,-500,-500,-500,-500,-500,-500,-500,-500,-500,-500,-500,-500,-500,-500,-500,-500,-500,-500,-500,-500,-500,-500,-500,-500,-500,-500,-500,-500,-500,-500,-500,-500,-500,-500,-500,-500,-500,-500,-500,-500,-500,-500,-500,-500,-500,-500,-500,-500,-500,-500,-500,-500,-500,-500,-500,-500,-500,-500,-500,-500,-500,-500,-500,-500,-500,-500,-500,-500,-500,-500,-500,-500,-500,-500,-500,-500,-500,-500,-500,-500,-500,-500,-500,-500,-500,-500,-500,-500,-500,-500,-500,-500,-500,-500,-500,-500,-500,-500,-500,-500,-500,-500,-500,-500,-500,-500,-500,-500,-500,-500,-500,-500,-500,-500,-500,-500,-500,-500,-500,-500,-500,-500,-500,-500,-500,-500,-500,-500,-500,-500,-500,-500,-500,-500,-500,-500,-500,-500,-500,-500,-500,-500,-500,-500,-500,-500,-500,-500,-500,-500,-500,-500,-500,-500,-500,-500,-500,-500,-500,-500,-500,-500,-500,-500,-500,-500,-500,-500,-500,-500,-500,-500,-500,-500,-500,-500,-500,-500,-500,-500,-500,-500,-500,-500,-500,-500,-500,-500,-500,-500,-500,-500,-500,-500,-500,-500,-500,-500,-500,-500,-500,-500,-500,-500,-500,-500,-500,-500,-500,-500,-500,-500,-500,-500,-500,-500,-500,-500,-500,-500,-500,-500,-500,-500,-500,-500,-500,-500,-500,-500,-500,-500,-500,-500,-500,-500,-500,-500,-500,-500,-500,-500,-500,-500,-500,-500,-500,-500,-500,-500,-500,-500,-500,-500,-500,-500,-500,-500,-500,-500,-500,-500,-500,-500,-500,-500,-500,-500,-500,-500,-500,-500,-500,-500,-500,-500,-500,-500,-500,-500,-500,-500,-500,-500,-500,-500,-500,-500,-500,-500,-500,-500,-500,-500,-500,-500,-500,-500,-500,-500,-500,-500,-500,-500,-500,-500,-500,-500,-500,-500,-500,-500,-500,-500,-500,-500,-500,-500,-500,-500,-500,-500,-500,-500,-500,-500,-500,-500,-500,-500,-500,-500,-500,-500,-500,-500,-500,-500,-500,-500,-500,-500,-500,-500,-500,-500,-500,-500,-500,-500,-500,-500,-500,-500,-500,-500,-500,-500,-500,-500,-500,-500,-500,-500,-500,-500,-500,-500
-500,-448,-428,-205,-147,-184,-192,-117,-217,-245,-206,-261,-296,-197,-352,-311,-299,-328,-329,-394,-406,-348,-332,-283,-369,-214,-452,-326,-401,-288,-250,-287,-253,-216,-307,-380,-345,-240,-376,-226,-329,-332,-305,-289,-375,-244,-255,-298,-247,-296,-234,-278,-254,-274,-328,-359,-449,-500,-277,-500,-434,-294,-500,-329,-449,-307,-309,-375,-358,-450,-358,-500,-261,-195,-303,-323,-301,-272,-396,-385,-265,-400,-313,-407,-179,-280,-228,-260,-247,-185,-325,-139,-233,-222,-334,-195,-275,-202,-214,-202,-164,-207,-155,-217,-202,-250,-193,-176,-220,-217,-178,-176,-165,-156,-141,-233,-177,-237,-150,-145,-158,-156,-158,-163,-179,-168,-151,-158,-168,-147,-156,-180,-165,-155,-171,-146,-164,-176,-176,-157,-151,-149,-175,-156,-166,-184,-175,-154,-170,-137,-147,-311,-157,-159,-147,-243,-233,-153,-167,-188,-184,-191,-363,-145,-163,-184,-372,-166,-156,-156,-147,-174,-157,-167,-154,-160,-142,-171,-173,-136,-171,-166,-195,-162,-148,-144,-127,-165,-152,-129,-158,-172,-144,-126,-153,-137,-138,-186,-137,-179,-151,-151,-117,-116,-169,-167,-136,-195,-167,-129,-162,-144,-175,-158,-125,-124,-142,-288,-188,-197,-186,-168,-203,-152,-199,-138,-137,-247,-145,-138,-154,-139,-147,-171,-172,-131,-145,-150,-168,-150,-152,-147,-122,-133,-147,-130,-180,-150,-149,-140,-148,-133,-124,-139,-208,-164,-147,-203,-250,-157,-264,-143,-135,-166,-153,-158,-137,-118,-158,-176,-153,-118,-166,-115,-149,-137,-250,-151,-126,-188,-162,-151,-156,-142,-181,-150,-165,-250,-230,-170,-196,-157,-197,-150,-172,-252,-205,-158,-157,-142,-163,-174,-145,-173,-174,-159,-238,-144,-140,-147,-142,-166,-166,-174,-176,-139,-178,-149,-146,-120,-145,-143,-164,-158,-153,-177,-200,-172,-179,-171,-139,-151,-156,-239,-231,-129,-142,-145,-137,-140,-167,-142,-145,-137,-228,-167,-147,-165,-176,-235,-145,-139,-164,-126,-175,-169,-177,-146,-189,-116,-167,-162,-195,-161,-176,-209,-145,-174,-130,-128,-145,-188,-157,-165,-146,-137,-124,-170,-178,-264,-125,-219,-147,-148,-130,-202,-146,-149,-156,-127,-159,-148,-175,-130,-220,-140,-141,-153,-148,-177,-140,-132,-116,-178,-134,-129,-154,-176,-153,-133,-195,-161,-140,-158,-157,-147,-184,-159,-160,-148,-144,-139,-147,-131,-173,-143,-129,-171,-133,-141,-136,-193,-215,-129,-147,-115,-157,-289,-146,-125,-155,-163,-149,-140,-175,-147,-132,-139,-152,-148,-118,-140,-160,-165,-145,-176,-115,-144,-116,-129,-166,-148,-119,-138,-184,-176,-430,-174,-160,-139,-202,-144,-175,-158,-147,-149,-163,-145,-141,-130,-173,-138,-138,-197,-143,-115,-170,-146,-142,-171,-138,-134,-135,-205,-144,-150,-193,-138,-211,-115
-500,-500,-500,-500,-500,-500,-500,-500,-500,-500,-500,-500,-500,-500,-370,-500,-500,-410,-500,-500,-500,-500,-371,-344,-374,-378,-241,-220,-250,-291,-500,-431,-500,-342,-463,-272,-278,-279,-461,-234,-500,-318,-303,-216,-244,-258,-364,-192,-224,-198,-297,-200,-176,-141,-135,-133,-135,-126,-131,-104,-116,-126,-126,-77,-109,-92,-96,-87,-192,-119,-101,-101,-66,-105,-141,-96,-94,-114,-98,-97,-77,-79,-83,-103,-87,-91,-86,-105,-102,-90,-103,-87,-83,-73,-96,-64,-88,-72,-99,-100,-79,-84,-116,-79,-88,-65,-104,-86,-69,-83,-87,-76,-85,-83,-62,-66,-82,-89,-79,-85,-91,-101,-84,-83,-100,-83,-81,-97,-96,-119,-83,-85,-76,-78,-99,-76,-64,-76,-75,-73,-61,-82,-71,-75,-139,-72,-87,-83,-95,-89,-77,-116,-86,-86,-83,-75,-84,-78,-93,-70,-88,-73,-76,-80,-95,-96,-80,-95,-91,-81,-71,-104,-70,-84,-83,-86,-72,-73,-95,-94,-89,-77,-72,-88,-85,-95,-100,-103,-97,-95,-70,-85,-77,-64,-88,-64,-168,-144,-107,-66,-71,-101,-101,-73,-91,-80,-82,-91,-87,-112,-79,-77,-79,-91,-75,-103,-85,-130,-90,-107,-100,-79,-73,-63,-62,-82,-96,-87,-108,-73,-113,-78,-64,-79,-87,-110,-72,-79,-61,-163,-76,-75,-68,-78,-95,-124,-104,-92,-72,-172,-80,-92,-74,-100,-86,-92,-77,-74,-94,-80,-91,-213,-87,-96,-81,-107,-78,-64,-65,-87,-159,-98,-95,-76,-77,-75,-120,-73,-92,-78,-87,-90,-73,-65,-91,-71,-87,-84,-72,-77,-78,-77,-88,-62,-85,-78,-86,-80,-119,-96,-75,-90,-249,-73,-80,-87,-70,-97,-75,-97,-78,-88,-100,-71,-87,-71,-82,-71,-100,-71,-80,-76,-78,-86,-72,-73,-71,-77,-108,-157,-81,-82,-149,-86,-79,-75,-107,-94,-93,-76,-84,-108,-79,-70,-92,-61,-91,-80,-74,-98,-81,-79,-69,-88,-70,-79,-85,-70,-62,-69,-88,-88,-91,-76,-70,-78,-71,-83,-77,-82,-71,-74,-83,-94,-78,-72,-69,-87,-117,-91,-84,-206,-85,-73,-125,-78,-76,-83,-75,-85,-83,-66,-83,-88,-93,-74,-92,-149,-62,-92,-70,-92,-90,-70,-95,-80,-82,-89,-70,-90,-71,-76,-78,-74,-101,-81,-71,-63,-84,-73,-85,-74,-87,-72,-74,-76,-89,-122,-64,-88,-73,-83,-83,-96,-94,-73,-91,-75,-91,-64,-73,-75,-75,-95,-77,-89,-91,-72,-113,-108,-97,-70,-75,-74,-104,-83,-86,-94,-89,-95,-97,-63,-80,-99,-90,-73,-105,-74,-63,-75,-96,-63,-63,-124,-74,-66,-100,-90,-63,-70,-104,-63,-75,-76,-63,-98,-72,-76,-95,-124,-82,-93,-81,-91,-84,-69,-96,-94,-86,-74
-450,-300,-236,-206,-241,-204,-250,-164,-312,-176,-166,-195,-180,-134,-118,-213,-111,-95,-116,-137,-89,-101,-92,-121,-103,-115,-99,-120,-113,-103,-88,-128,-112,-87,-85,-109,-80,-90,-115,-94,-100,-91,-92,-73,-79,-80,-105,-85,-96,-91,-107,-84,-81,-87,-84,-83,-132,-73,-186,-89,-84,-97,-87,-114,-71,-79,-106,-98,-114,-117,-116,-133,-71,-139,-102,-99,-76,-193,-80,-84,-128,-74,-97,-93,-102,-107,-121,-78,-92,-95,-92,-89,-68,-89,-63,-95,-81,-89,-77,-274,-94,-85,-83,-100,-73,-120,-101,-88,-68,-137,-67,-82,-76,-80,-86,-81,-98,-86,-74,-71,-86,-89,-76,-75,-79,-98,-85,-81,-80,-88,-93,-87,-132,-94,-76,-100,-92,-78,-94,-87,-102,-86,-83,-83,-100,-108,-132,-75,-95,-101,-101,-91,-95,-98,-76,-96,-87,-103,-85,-92,-91,-192,-91,-106,-99,-79,-72,-95,-109,-95,-99,-73,-97,-74,-84,-73,-76,-81,-90,-89,-113,-182,-63,-86,-92,-75,-94,-82,-84,-79,-75,-103,-95,-153,-100,-90,-78,-92,-94,-71,-72,-94,-147,-72,-82,-96,-81,-76,-88,-71,-72,-62,-88,-117,-62,-95,-102,-78,-96,-242,-78,-75,-92,-70,-63,-72,-68,-101,-81,-92,-70,-76,-87,-86,-92,-100,-108,-93,-103,-62,-75,-97,-81,-84,-138,-88,-96,-76,-75,-78,-81,-69,-97,-74,-76,-73,-91,-70,-91,-80,-153,-110,-130,-77,-85,-84,-63,-62,-93,-81,-73,-112,-62,-82,-81,-88,-82,-90,-76,-76,-71,-172,-82,-80,-73,-91,-81,-86,-126,-75,-100,-138,-83,-72,-98,-76,-79,-70,-104,-91,-98,-86,-78,-83,-65,-63,-88,-74,-82,-79,-82,-91,-94,-71,-81,-83,-93,-89,-81,-98,-72,-62,-141,-63,-74,-91,-76,-83,-91,-92,-113,-82,-65,-82,-75,-75,-74,-75,-88,-94,-62,-80,-87,-75,-66,-84,-86,-151,-74,-83,-101,-99,-107,-75,-181,-93,-69,-94,-70,-97,-71,-78,-105,-91,-79,-92,-73,-72,-71,-89,-85,-71,-73,-64,-70,-70,-78,-83,-83,-81,-91,-91,-70,-63,-75,-87,-84,-77,-71,-73,-77,-84,-82,-76,-81,-75,-69,-83,-76,-127,-90,-92,-89,-81,-70,-67,-78,-79,-80,-80,-81,-68,-65,-89,-90,-70,-78,-82,-92,-72,-79,-71,-82,-72,-89,-73,-72,-66,-70,-77,-87,-86,-88,-72,-100,-88,-75,-92,-90,-183,-77,-89,-85,-71,-77,-229,-85,-89,-91,-86,-63,-83,-73,-111,-76,-74,-84,-76,-78,-334,-87,-167,-110,-89,-167,-72,-176,-104,-72,-92,-110,-90,-83,-78,-90,-76,-92,-152,-96,-96,-91,-100,-105,-265,-73,-73,-110,-88,-72,-95,-83,-87,-63,-67,-65,-169,-89,-83,-78,-102
-500,-500,-500,-500,-500,-500,-500,-500,-500,-500,-500,-500,-500,-500,-500,-500,-500,-500,-500,-500,-500,-500,-500,-500,-500,-500,-500,-500,-500,-500,-500,-500,-500,-500,-500,-500,-500,-500,-500,-500,-500,-500,-500,-500,-500,-500,-500,-500,-500,-500,-500,-500,-500,-500,-500,-500,-500,-500,-500,-500,-500,-500,-500,-500,-500,-500,-500,-500,-500,-500,-500,-500,-500,-500,-500,-500,-500,-500,-500,-500,-500,-500,-500,-500,-500,-500,-500,-500,-500,-500,-500,-500,-500,-500,-500,-500,-500,-500,-500,-500,-500,-500,-500,-500,-500,-500,-500,-500,-500,-500,-500,-500,-500,-500,-500,-500,-500,-500,-500,-500,-500,-500,-500,-500,-500,-500,-500,-500,-500,-500,-500,-500,-500,-500,-500,-500,-500,-500,-500,-500,-500,-500,-500,-500,-500,-500,-500,-500,-500,-500,-500,-500,-500,-500,-500,-500,-500,-500,-500,-500,-500,-500,-500,-500,-500,-500,-500,-500,-500,-500,-500,-500,-500,-500,-500,-500,-500,-500,-500,-500,-500,-500,-500,-500,-500,-500,-500,-500,-500,-500,-500,-500,-500,-500,-500,-500,-500,-500,-500,-500,-500,-500,-500,-500,-500,-500,-500,-500,-500,-500,-500,-500,-500,-500,-500,-500,-500,-500,-500,-500,-500,-500,-500,-500,-500,-500,-500,-500,-500,-500,-500,-500,-500,-500,-500,-500,-500,-500,-500,-500,-500,-500,-500,-500,-500,-500,-500,-500,-500,-500,-500,-500,-500,-500,-500,-500,-500,-500,-500,-500,-500,-500,-500,-500,-500,-500,-500,-500,-500,-500,-500,-500,-500,-500,-500,-500,-500,-500,-500,-500,-500,-500,-500,-500,-500,-500,-500,-500,-500,-500,-500,-500,-500,-500,-500,-500,-500,-500,-500,-500,-500,-500,-500,-500,-500,-500,-500,-500,-500,-500,-500,-500,-500,-500,-500,-500,-500,-472,-500,-500,-363,-370,-352,-442,-277,-220,-195,-294,-239,-216,-187,-176,-282,-172,-188,-127,-273,-160,-190,-122,-209,-241,-217,-137,-159,-145,-237,-135,-100,-176,-146,-198,-147,-135,-111,-111,-119,-121,-179,-100,-103,-99,-113,-112,-91,-110,-103,-117,-267,-116,-111,-177,-96,-109,-104,-91,-70,-86,-78,-117,-81,-123,-82,-136,-93,-79,-78,-92,-98,-96,-131,-92,-80,-89,-98,-86,-89,-84,-84,-115,-130,-70,-79,-101,-84,-92,-79,-82,-77,-85,-91,-89,-186,-103,-91,-86,-107,-81,-84,-105,-93,-122,-82,-91,-113,-162,-81,-87,-70,-73,-68,-104,-80,-72,-89,-88,-129,-130,-143,-66,-91,-72,-94,-148,-75,-76,-98,-112,-74,-83,-88,-100,-71,-81,-100,-64,-98,-105,-64,-76,-65,-94,-64,-76,-90,-110,-105,-160,-73,-100,-78,-98,-94,-97,-73,-96,-82,-83,-101,-96,-110,-75,-101,-102,-88,-81,-106,-84,-95,-94,-205,-99,-77,-130,-72,-89,-109,-64,-83,-75
-500,-500,-500,-500,-500,-500,-500,-500,-500,-500,-500,-500,-500,-500,-500,-500,-500,-500,-500,-500,-500,-500,-500,-500,-500,-500,-500,-500,-500,-500,-500,-500,-500,-500,-500,-500,-500,-500,-500,-500,-500,-500,-500,-500,-500,-500,-500,-500,-500,-500,-500,-500,-500,-500,-500,-500,-500,-500,-500,-500,-500,-500,-500,-500,-500,-500,-500,-500,-500,-500,-500,-500,-500,-500,-500,-500,-500,-500,-500,-500,-500,-500,-500,-500,-500,-500,-500,-500,-500,-500,-500,-500,-500,-500,-500,-500,-500,-500,-500,-500,-500,-500,-500,-500,-500,-500,-500,-500,-500,-500,-500,-500,-500,-500,-500,-500,-500,-500,-500,-500,-500,-500,-500,-500,-500,-500,-500,-500,-500,-500,-500,-500,-500,-500,-500,-500,-500,-500,-500,-500,-500,-500,-500,-500,-500,-500,-500,-500,-500,-500,-500,-500,-500,-500,-500,-500,-500,-500,-500,-500,-500,-500,-500,-500,-500,-500,-500,-500,-500,-500,-500,-500,-500,-500,-500,-500,-500,-500,-500,-500,-500,-500,-500,-500,-500,-500,-500,-500,-500,-500,-500,-500,-500,-500,-500,-500,-500,-500,-500,-500,-500,-500,-500,-500,-500,-500,-500,-500,-500,-500,-500,-500,-500,-500,-500,-500,-500,-500,-500,-500,-500,-500,-500,-500,-500,-500,-500,-500,-500,-500,-500,-500,-500,-500,-500,-500,-500,-500,-500,-500,-500,-500,-500,-500,-500,-500,-500,-500,-500,-500,-500,-500,-500,-500,-500,-500,-500,-500,-500,-500,-500,-500,-500,-500,-500,-500,-500,-500,-500,-500,-500,-500,-500,-500,-500,-500,-500,-500,-500,-500,-500,-500,-500,-500,-500,-500,-500,-500,-500,-500,-500,-500,-500,-500,-500,-500,-500,-500,-500,-500,-500,-500,-500,-500,-500,-500,-500,-500,-500,-500,-500,-500,-500,-500,-500,-500,-500,-500,-500,-500,-500,-500,-500,-500,-500,-500,-500,-500,-500,-500,-500,-500,-500,-500,-500,-500,-500,-500,-500,-500,-500,-500,-500,-500,-500,-500,-500,-500,-500,-500,-500,-500,-500,-500,-500,-500,-500,-500,-500,-500,-500,-500,-500,-500,-500,-500,-500,-500,-500,-500,-500,-500,-500,-500,-500,-500,-500,-500,-500,-500,-500,-500,-500,-500,-500,-500,-500,-500,-500,-500,-500,-500,-500,-500,-500,-500,-500,-500,-500,-500,-500,-500,-500,-500,-500,-500,-500,-500,-500,-500,-500,-500,-500,-500,-500,-500,-500,-500,-500,-500,-500,-500,-500,-500,-500,-500,-500,-500,-500,-500,-500,-500,-500,-500,-500,-500,-500,-500,-500,-500,-500,-500,-500,-500,-500,-500,-500,-500,-500,-500,-500,-500,-500,-500,-500,-500,-500,-500,-500,-500,-500,-500,-500,-500,-500,-500,-500,-500,-500,-500,-500,-500,-500,-500,-500,-500,-500,-500,-500,-500,-500,-500,-500,-500,-500,-500,-500,-500,-500,-500,-500,-500,-500,-500,-500,-500,-500,-500,-500,-500
-500,-500,-500,-500,-500,-500,-500,-500,-500,-500,-500,-500,-500,-500,-500,-500,-500,-500,-500,-500,-500,-500,-500,-500,-500,-500,-500,-500,-500,-500,-500,-500,-500,-500,-500,-500,-500,-500,-500,-500,-500,-500,-500,-500,-500,-500,-500,-500,-500,-500,-500,-500,-500,-500,-500,-500,-500,-500,-500,-500,-500,-500,-500,-500,-500,-500,-500,-500,-500,-500,-500,-500,-500,-500,-500,-500,-500,-500,-500,-500,-500,-500,-500,-500,-500,-500,-500,-500,-500,-500,-500,-500,-500,-500,-500,-500,-500,-500,-500,-500,-500,-500,-500,-500,-500,-500,-500,-500,-500,-500,-500,-500,-500,-500,-500,-500,-500,-500,-500,-500,-500,-500,-500,-500,-500,-500,-500,-500,-500,-500,-500,-500,-500,-500,-500,-500,-500,-500,-500,-500,-500,-500,-500,-500,-500,-500,-500,-500,-500,-500,-500,-500,-500,-500,-500,-500,-500,-500,-500,-500,-500,-500,-500,-500,-500,-500,-500,-500,-500,-500,-500,-500,-500,-500,-500,-500,-500,-500,-500,-500,-500,-500,-500,-500,-500,-500,-500,-500,-500,-500,-500,-500,-500,-500,-500,-500,-500,-500,-500,-500,-500,-500,-500,-500,-500,-500,-500,-500,-500,-500,-500,-500,-500,-500,-500,-500,-500,-500,-500,-500,-500,-500,-500,-500,-500,-500,-500,-500,-500,-500,-500,-500,-500,-500,-500,-500,-500,-500,-500,-500,-500,-500,-500,-500,-500,-500,-500,-500,-500,-500,-500,-500,-500,-500,-500,-500,-500,-500,-500,-500,-500,-500,-500,-500,-500,-500,-500,-500,-500,-500,-500,-500,-500,-500,-500,-500,-500,-500,-500,-500,-500,-500,-500,-500,-500,-500,-500,-500,-500,-500,-500,-500,-500,-500,-500,-500,-500,-500,-500,-500,-500,-500,-500,-500,-500,-500,-500,-500,-500,-500,-500,-500,-500,-500,-500,-500,-500,-500,-500,-500,-500,-500,-500,-500,-500,-500,-500,-500,-500,-500,-500,-500,-500,-500,-500,-500,-500,-500,-500,-500,-500,-500,-500,-500,-500,-500,-500,-500,-500,-500,-500,-500,-500,-500,-500,-500,-500,-500,-500,-500,-500,-500,-500,-500,-500,-500,-500,-500,-500,-500,-500,-500,-500,-500,-500,-500,-500,-500,-500,-500,-500,-500,-415,-295,-273,-234,-219,-175,-161,-162,-196,-99,-107,-161,-116,-90,-99,-160,-105,-87,-89,-80,-78,-85,-95,-75,-97,-91,-74,-117,-86,-91,-97,-72,-113,-106,-82,-164,-78,-88,-78,-104,-90,-116,-91,-89,-85,-88,-109,-91,-111,-93,-106,-95,-75,-83,-78,-100,-92,-173,-88,-63,-76,-89,-101,-99,-84,-102,-91,-78,-76,-78,-106,-78,-86,-90,-98,-95,-93,-71,-90,-64,-90,-65,-88,-101,-93,-88,-89,-87,-93,-81,-102,-77,-77,-92,-93,-134,-90,-88,-97,-142,-97,-76,-101,-80,-87,-287,-87,-97,-87,-86,-84,-178,-105,-65,-65,-98,-101,-67
-500,-500,-500,-500,-500,-500,-500,-500,-500,-500,-500,-500,-500,-500,-500,-500,-500,-500,-500,-500,-320,-373,-500,-434,-241,-200,-212,-324,-319,-277,-311,-377,-208,-500,-500,-500,-500,-500,-362,-500,-490,-500,-257,-455,-294,-444,-334,-500,-443,-387,-274,-248,-240,-400,-303,-381,-318,-326,-411,-340,-259,-382,-500,-458,-500,-500,-401,-500,-500,-500,-500,-500,-500,-500,-500,-500,-500,-500,-500,-500,-500,-500,-500,-500,-500,-500,-500,-500,-500,-500,-500,-500,-500,-500,-500,-500,-500,-500,-500,-500,-500,-500,-500,-500,-500,-500,-500,-500,-500,-500,-500,-500,-500,-500,-500,-500,-500,-500,-500,-500,-500,-500,-500,-500,-500,-500,-500,-500,-500,-500,-500,-500,-500,-500,-500,-500,-500,-500,-500,-500,-500,-500,-500,-500,-500,-500,-500,-500,-500,-500,-500,-500,-500,-500,-500,-500,-500,-500,-500,-500,-500,-500,-500,-500,-500,-500,-500,-500,-500,-500,-500,-500,-500,-500,-500,-500,-500,-500,-500,-500,-500,-500,-500,-500,-500,-500,-500,-500,-500,-500,-500,-500,-500,-500,-500,-500,-500,-500,-500,-500,-500,-500,-500,-500,-500,-500,-500,-500,-500,-500,-500,-500,-500,-500,-500,-500,-500,-500,-500,-500,-500,-500,-500,-500,-500,-500,-500,-500,-500,-500,-500,-500,-500,-500,-500,-500,-500,-500,-500,-500,-500,-500,-500,-500,-500,-500,-500,-500,-500,-500,-500,-500,-500,-500,-500,-500,-500,-500,-500,-500,-500,-500,-500,-500,-500,-500,-500,-500,-500,-500,-500,-500,-500,-500,-500,-500,-500,-500,-500,-500,-500,-500,-500,-500,-500,-500,-500,-500,-500,-500,-500,-500,-500,-500,-500,-500,-500,-500,-500,-500,-500,-500,-500,-500,-500,-500,-500,-500,-500,-500,-500,-500,-500,-500,-500,-500,-500,-500,-500,-500,-500,-500,-500,-500,-500,-500,-500,-500,-500,-500,-500,-500,-500,-500,-500,-500,-500,-500,-500,-500,-500,-500,-500,-500,-500,-500,-500,-500,-500,-500,-500,-500,-500,-500,-500,-500,-500,-500,-500,-500,-500,-500,-500,-500,-500,-500,-500,-500,-500,-500,-500,-500,-500,-500,-500,-500,-500,-500,-500,-500,-500,-500,-500,-500,-500,-500,-500,-500,-500,-500,-500,-500,-500,-500,-500,-500,-500,-500,-500,-500,-500,-500,-500,-500,-500,-500,-500,-500,-500,-500,-500,-500,-500,-500,-500,-500,-500,-500,-500,-500,-500,-500,-500,-500,-500,-500,-500,-500,-500,-500,-500,-500,-500,-500,-500,-500,-500,-500,-500,-500,-500,-500,-500,-500,-500,-500,-500,-500,-500,-500,-500,-500,-500,-500,-500,-500,-500,-500,-500,-500,-500,-500,-500,-500,-500,-500,-500,-500,-500,-500,-500,-500,-500,-500,-500,-500,-500,-500,-500,-500,-500,-500,-500,-500,-500,-500,-500,-500,-500,-500,-500,-500,-500,-500,-500,-500,-500,-500,-500,-500
-281,-500,-500,-500,-500,-500,-500,-500,-500,-500,-500,-500,-500,-500,-500,-500,-500,-500,-500,-500,-500,-500,-500,-500,-500,-500,-500,-500,-500,-500,-500,-500,-500,-500,-500,-500,-500,-500,-500,-500,-500,-500,-500,-500,-500,-500,-500,-500,-500,-500,-500,-500,-500,-500,-500,-500,-500,-500,-500,-500,-500,-500,-500,-500,-500,-500,-500,-500,-500,-500,-500,-500,-500,-500,-500,-500,-500,-500,-500,-500,-500,-500,-500,-500,-500,-500,-500,-500,-500,-500,-500,-500,-500,-500,-500,-500,-500,-500,-500,-500,-500,-500,-500,-500,-500,-500,-500,-500,-500,-500,-500,-500,-500,-500,-500,-500,-500,-500,-500,-500,-500,-500,-500,-500,-500,-500,-500,-500,-500,-500,-500,-500,-500,-500,-500,-500,-500,-500,-500,-500,-500,-500,-500,-500,-500,-500,-500,-500,-500,-500,-500,-500,-500,-500,-500,-500,-500,-500,-500,-500,-500,-500,-500,-500,-500,-500,-500,-500,-500,-500,-500,-500,-500,-500,-500,-500,-500,-500,-500,-500,-500,-500,-500,-500,-500,-500,-500,-500,-500,-500,-500,-500,-500,-500,-500,-500,-500,-500,-500,-500,-500,-500,-500,-500,-500,-500,-500,-500,-500,-500,-500,-500,-500,-500,-500,-500,-500,-500,-500,-500,-500,-500,-500,-500,-500,-500,-500,-500,-500,-500,-500,-500,-500,-500,-500,-500,-500,-500,-500,-500,-500,-500,-500,-500,-500,-500,-500,-500,-500,-500,-500,-500,-500,-500,-500,-500,-500,-500,-500,-500,-500,-500,-500,-500,-500,-500,-500,-500,-500,-500,-500,-500,-500,-500,-500,-500,-500,-500,-500,-500,-500,-500,-500,-500,-500,-500,-500,-500,-500,-500,-500,-500,-500,-500,-500,-500,-500,-500,-500,-500,-500,-500,-500,-500,-500,-500,-500,-500,-500,-500,-500,-500,-500,-500,-500,-500,-500,-500,-500,-500,-500,-500,-500,-500,-500,-500,-500,-500,-500,-500,-500,-500,-500,-500,-500,-500,-500,-500,-500,-500,-500,-500,-500,-500,-500,-500,-500,-500,-500,-500,-500,-500,-500,-500,-500,-500,-500,-500,-500,-500,-500,-500,-500,-500,-500,-500,-500,-500,-500,-500,-500,-500,-500,-500,-500,-500,-500,-500,-500,-500,-500,-500,-500,-500,-500,-500,-500,-500,-500,-500,-500,-500,-500,-500,-500,-500,-500,-500,-500,-500,-500,-500,-500,-500,-500,-500,-500,-500,-500,-500,-500,-500,-500,-500,-500,-500,-500,-500,-500,-500,-500,-500,-500,-500,-500,-500,-500,-500,-500,-500,-500,-500,-500,-500,-500,-500,-500,-500,-500,-500,-500,-500,-500,-500,-500,-500,-500,-500,-500,-500,-500,-500,-500,-500,-500,-500,-500,-500,-500,-500,-500,-500,-500,-500,-500,-500,-500,-500,-500,-500,-500,-500,-500,-500,-500,-500,-500,-500,-500,-500,-500,-500,-500,-500,-500,-500,-500,-500,-500,-500,-500,-500,-500,-500,-500,-500,-500,-500,-500,-500
-500,-500,-500,-184,-282,-257,-278,-198,-338,-362,-500,-452,-303,-419,-500,-500,-500,-500,-500,-500,-500,-500,-500,-500,-500,-500,-500,-500,-500,-500,-500,-500,-500,-500,-500,-500,-500,-500,-500,-500,-500,-500,-500,-500,-500,-500,-500,-500,-500,-500,-500,-500,-500,-500,-500,-500,-500,-500,-500,-500,-500,-500,-500,-500,-500,-500,-500,-500,-500,-500,-500,-500,-500,-500,-500,-500,-500,-500,-500,-500,-500,-500,-500,-500,-500,-500,-500,-500,-500,-500,-500,-500,-500,-500,-500,-500,-500,-500,-500,-500,-500,-500,-500,-500,-500,-500,-500,-500,-500,-500,-500,-500,-500,-500,-500,-500,-500,-500,-500,-500,-500,-500,-500,-500,-500,-500,-500,-500,-500,-500,-500,-500,-500,-500,-500,-500,-500,-500,-500,-500,-500,-500,-500,-500,-500,-500,-500,-500,-500,-500,-500,-500,-500,-500,-500,-500,-500,-500,-500,-500,-500,-500,-500,-500,-500,-500,-500,-500,-500,-500,-500,-500,-500,-500,-500,-500,-500,-500,-500,-500,-500,-500,-500,-500,-500,-500,-500,-500,-500,-500,-500,-500,-500,-500,-500,-500,-500,-500,-500,-500,-500,-500,-500,-500,-500,-500,-500,-500,-500,-500,-500,-500,-500,-500,-500,-500,-500,-500,-500,-500,-500,-500,-500,-500,-500,-500,-500,-500,-500,-500,-500,-500,-500,-500,-500,-500,-500,-500,-500,-500,-500,-500,-500,-500,-500,-500,-500,-500,-500,-500,-500,-500,-500,-500,-500,-500,-500,-500,-500,-500,-500,-500,-500,-500,-500,-500,-500,-500,-500,-500,-500,-500,-500,-500,-500,-500,-500,-500,-500,-500,-500,-500,-500,-500,-500,-500,-500,-500,-500,-500,-500,-500,-500,-500,-500,-500,-500,-500,-500,-500,-500,-500,-500,-500,-500,-500,-500,-500,-500,-500,-500,-500,-500,-500,-500,-500,-500,-500,-500,-500,-500,-500,-500,-500,-500,-500,-500,-500,-500,-500,-500,-500,-500,-500,-500,-500,-500,-500,-500,-500,-500,-500,-500,-500,-500,-500,-500,-500,-500,-500,-500,-500,-500,-500,-500,-500,-500,-500,-500,-500,-500,-500,-500,-500,-500,-500,-500,-500,-500,-500,-500,-500,-500,-500,-500,-500,-500,-500,-500,-500,-500,-500,-500,-500,-500,-500,-500,-500,-500,-500,-500,-500,-500,-500,-500,-500,-500,-500,-500,-500,-500,-500,-500,-500,-500,-500,-500,-500,-500,-500,-500,-500,-500,-500,-500,-500,-500,-500,-500,-500,-500,-500,-500,-500,-500,-500,-500,-500,-500,-500,-500,-500,-500,-500,-500,-500,-500,-500,-500,-500,-500,-500,-500,-500,-500,-500,-500,-500,-500,-500,-500,-500,-500,-500,-500,-500,-500,-500,-500,-500,-500,-500,-500,-500,-500,-500,-500,-500,-500,-500,-500,-500,-500,-500,-500,-500,-500,-500,-500,-500,-500,-500,-500,-500,-500,-500,-500,-500,-500,-500,-500,-500,-500,-500,-500,-500,-500,-500,-500,-500
-500,-500,-500,-500,-500,-500,-500,-500,-500,-500,-500,-500,-500,-500,-500,-500,-500,-500,-500,-500,-500,-500,-500,-500,-500,-500,-500,-500,-500,-500,-500,-500,-500,-500,-500,-500,-500,-500,-500,-500,-500,-500,-500,-500,-500,-500,-500,-500,-500,-500,-500,-500,-500,-500,-500,-500,-500,-500,-500,-500,-500,-500,-500,-500,-500,-500,-500,-500,-500,-500,-500,-500,-500,-500,-500,-500,-500,-500,-500,-500,-500,-500,-500,-500,-500,-500,-500,-500,-500,-500,-500,-500,-500,-500,-500,-500,-500,-500,-500,-500,-500,-500,-500,-500,-500,-500,-500,-500,-500,-500,-500,-500,-500,-500,-500,-500,-500,-500,-500,-500,-500,-500,-500,-500,-500,-500,-500,-500,-500,-500,-500,-500,-500,-500,-500,-500,-500,-500,-500,-500,-500,-500,-500,-500,-500,-500,-500,-500,-500,-500,-500,-500,-500,-500,-500,-500,-500,-500,-500,-500,-500,-500,-500,-500,-500,-500,-500,-500,-500,-500,-500,-500,-500,-500,-500,-500,-500,-500,-500,-500,-500,-500,-500,-500,-500,-500,-500,-500,-500,-500,-500,-500,-500,-500,-500,-500,-500,-500,-500,-500,-500,-500,-500,-500,-500,-500,-500,-500,-500,-500,-500,-500,-500,-500,-500,-500,-500,-500,-500,-500,-500,-500,-500,-500,-500,-500,-500,-500,-500,-500,-500,-500,-500,-500,-500,-500,-500,-500,-500,-500,-500,-500,-500,-500,-500,-500,-500,-500,-500,-500,-500,-500,-500,-500,-500,-500,-500,-500,-500,-500,-500,-500,-500,-500,-500,-500,-500,-500,-500,-500,-500,-500,-500,-500,-500,-500,-500,-500,-500,-500,-500,-500,-500,-500,-500,-500,-500,-500,-500,-500,-500,-500,-500,-500,-500,-500,-500,-500,-500,-500,-500,-500,-500,-500,-500,-500,-500,-500,-500,-500,-500,-500,-500,-500,-500,-500,-500,-500,-500,-500,-500,-500,-500,-500,-500,-500,-500,-500,-500,-500,-500,-500,-500,-500,-500,-500,-500,-500,-500,-500,-500,-500,-500,-500,-500,-500,-500,-500,-500,-500,-500,-500,-500,-500,-500,-500,-500,-500,-500,-500,-500,-500,-500,-500,-500,-500,-500,-500,-500,-500,-500,-500,-500,-500,-500,-500,-500,-500,-500,-500,-500,-500,-500,-500,-500,-500,-500,-500,-500,-500,-500,-500,-500,-500,-500,-500,-500,-500,-500,-500,-500,-500,-500,-500,-500,-500,-500,-500,-500,-500,-500,-500,-500,-500,-500,-500,-500,-500,-500,-500,-500,-500,-500,-500,-500,-500,-500,-500,-500,-500,-500,-500,-500,-500,-500,-500,-500,-500,-500,-500,-500,-500,-500,-500,-500,-500,-500,-500,-500,-500,-500,-500,-500,-500,-500,-500,-500,-500,-500,-500,-500,-500,-500,-500,-500,-500,-500,-500,-500,-500,-500,-500,-500,-500,-500,-500,-500,-500,-500,-500,-500,-500,-500,-500,-500,-500,-500,-500,-500,-500,-500,-500,-500,-500,-500,-500,-500,-500,-500,-500
-500,-500,-500,-500,-500,-500,-500,-500,-500,-500,-500,-500,-500,-500,-500,-500,-500,-500,-500,-500,-500,-500,-500,-500,-500,-500,-500,-500,-500,-500,-500,-500,-500,-500,-500,-500,-500,-500,-500,-500,-500,-500,-500,-500,-500,-500,-500,-500,-500,-500,-500,-500,-500,-500,-500,-500,-500,-500,-500,-500,-500,-500,-500,-500,-500,-500,-500,-500,-500,-500,-500,-500,-500,-500,-500,-500,-500,-500,-500,-500,-500,-500,-500,-500,-500,-500,-500,-500,-500,-500,-500,-500,-500,-500,-500,-500,-500,-500,-500,-500,-500,-500,-500,-500,-500,-500,-500,-500,-500,-500,-500,-500,-500,-500,-500,-500,-500,-500,-500,-500,-500,-500,-500,-500,-500,-500,-500,-500,-500,-500,-500,-500,-500,-500,-500,-500,-500,-500,-500,-500,-500,-500,-500,-500,-500,-500,-500,-500,-500,-500,-500,-500,-500,-500,-500,-500,-500,-500,-500,-500,-500,-500,-500,-500,-500,-500,-500,-500,-500,-500,-500,-500,-500,-500,-500,-500,-500,-500,-500,-500,-500,-500,-500,-500,-500,-500,-500,-500,-500,-500,-500,-500,-500,-500,-500,-500,-500,-500,-500,-500,-500,-500,-500,-500,-500,-500,-500,-500,-500,-500,-500,-500,-500,-500,-500,-500,-500,-500,-500,-500,-500,-500,-500,-500,-500,-500,-500,-500,-500,-500,-500,-500,-500,-500,-500,-500,-500,-500,-500,-500,-500,-500,-500,-500,-500,-500,-500,-500,-500,-500,-500,-500,-500,-500,-500,-500,-500,-500,-500,-500,-500,-500,-500,-500,-500,-500,-500,-500,-500,-500,-500,-500,-500,-500,-500,-500,-500,-500,-500,-500,-500,-500,-500,-500,-500,-500,-500,-500,-500,-500,-500,-500,-500,-500,-500,-500,-500,-500,-500,-500,-500,-500,-500,-500,-500,-500,-500,-500,-500,-500,-500,-500,-500,-500,-500,-500,-500,-500,-500,-500,-500,-500,-500,-500,-500,-500,-500,-500,-500,-500,-500,-500,-500,-500,-500,-500,-500,-500,-500,-500,-500,-500,-500,-500,-500,-500,-500,-500,-500,-500,-500,-500,-500,-500,-500,-500,-500,-500,-500,-500,-500,-500,-500,-500,-500,-500,-500,-500,-500,-500,-500,-500,-500,-500,-500,-500,-500,-500,-500,-500,-500,-500,-500,-500,-500,-500,-500,-500,-500,-500,-500,-500,-500,-500,-500,-500,-500,-500,-500,-500,-500,-500,-500,-500,-500,-500,-500,-500,-500,-500,-500,-500,-500,-500,-500,-500,-500,-500,-500,-500,-500,-500,-500,-500,-500,-500,-500,-500,-500,-500,-500,-500,-500,-500,-500,-500,-500,-500,-500,-500,-500,-500,-500,-500,-500,-500,-500,-500,-500,-500,-500,-500,-500,-500,-500,-500,-500,-500,-500,-500,-500,-500,-500,-500,-500,-500,-500,-500,-500,-500,-500,-500,-500,-500,-500,-500,-500,-500,-500,-500,-500,-500,-500,-500,-500,-500,-500,-500,-500,-500,-500,-500,-500,-500,-500,-500,-500,-500,-500,-500
-253,-500,-500,-500,-500,-500,-500,-500,-500,-500,-500,-500,-500,-500,-500,-500,-500,-500,-500,-500,-500,-500,-500,-500,-500,-500,-500,-500,-500,-500,-500,-500,-500,-500,-500,-500,-500,-500,-500,-500,-500,-500,-500,-500,-500,-500,-500,-500,-500,-500,-500,-500,-500,-500,-500,-500,-500,-500,-500,-500,-500,-500,-500,-500,-500,-500,-500,-500,-500,-500,-500,-500,-500,-500,-500,-500,-500,-500,-500,-500,-500,-500,-500,-500,-500,-500,-500,-500,-500,-500,-500,-500,-500,-500,-500,-500,-500,-500,-500,-500,-500,-500,-500,-500,-500,-500,-500,-500,-500,-500,-500,-500,-500,-500,-500,-500,-500,-500,-500,-500,-500,-500,-500,-500,-500,-500,-500,-500,-500,-500,-500,-500,-500,-500,-500,-500,-500,-500,-500,-500,-500,-500,-500,-500,-500,-500,-500,-500,-500,-500,-500,-500,-500,-500,-500,-500,-500,-500,-500,-500,-500,-500,-500,-500,-500,-500,-500,-500,-500,-500,-500,-500,-500,-500,-500,-500,-500,-500,-500,-500,-500,-500,-500,-500,-500,-500,-500,-500,-500,-500,-500,-500,-500,-500,-500,-500,-500,-500,-500,-500,-500,-500,-500,-500,-500,-500,-500,-500,-500,-500,-500,-500,-500,-500,-500,-500,-500,-500,-500,-500,-500,-500,-500,-500,-500,-500,-500,-500,-500,-500,-500,-500,-500,-500,-500,-500,-500,-500,-500,-500,-500,-500,-500,-500,-500,-500,-500,-500,-500,-500,-500,-500,-500,-500,-500,-500,-500,-500,-500,-500,-500,-500,-500,-500,-500,-500,-500,-500,-500,-500,-500,-500,-500,-500,-500,-500,-500,-500,-500,-500,-500,-500,-500,-500,-500,-500,-500,-500,-500,-500,-500,-500,-500,-500,-500,-500,-500,-500,-500,-500,-500,-500,-500,-500,-500,-500,-500,-500,-500,-500,-500,-500,-500,-500,-500,-500,-500,-500,-500,-500,-500,-500,-500,-500,-500,-500,-500,-500,-500,-500,-500,-500,-500,-500,-500,-500,-500,-500,-500,-500,-500,-500,-500,-500,-500,-500,-500,-500,-500,-500,-500,-500,-500,-500,-500,-500,-500,-500,-500,-500,-500,-500,-500,-500,-500,-500,-500,-500,-500,-500,-500,-500,-500,-500,-500,-500,-500,-500,-500,-500,-500,-500,-500,-500,-500,-500,-500,-500,-500,-500,-500,-500,-500,-500,-500,-500,-500,-500,-500,-500,-500,-500,-500,-500,-500,-500,-500,-500,-500,-500,-500,-500,-500,-500,-500,-500,-500,-500,-500,-500,-500,-500,-500,-500,-500,-500,-500,-500,-500,-500,-500,-500,-500,-500,-500,-500,-500,-500,-500,-500,-500,-500,-500,-500,-500,-500,-500,-500,-500,-500,-500,-500,-500,-500,-500,-500,-500,-500,-500,-500,-500,-500,-500,-500,-500,-500,-500,-500,-500,-500,-500,-500,-500,-500,-500,-500,-500,-500,-500,-500,-500,-500,-500,-500,-500,-500,-500,-500,-500,-500,-500,-500,-500,-500,-500,-500,-500,-500,-500,-500
-500,-424,-233,-229,-249,-234,-274,-231,-394,-237,-242,-185,-228,-244,-190,-500,-201,-173,-139,-177,-181,-122,-184,-204,-186,-239,-199,-168,-170,-174,-240,-187,-210,-214,-125,-160,-173,-157,-214,-203,-182,-167,-292,-229,-157,-181,-176,-181,-194,-220,-162,-193,-178,-205,-155,-159,-169,-157,-172,-169,-172,-159,-151,-212,-154,-144,-129,-145,-125,-211,-153,-160,-185,-272,-315,-139,-221,-193,-183,-186,-205,-178,-168,-169,-206,-157,-185,-172,-181,-198,-149,-231,-198,-231,-169,-144,-180,-190,-178,-182,-158,-180,-143,-203,-165,-182,-305,-159,-148,-141,-133,-152,-154,-231,-142,-156,-155,-199,-144,-151,-136,-135,-139,-171,-166,-178,-129,-145,-174,-122,-130,-132,-121,-118,-131,-188,-144,-118,-116,-110,-103,-129,-142,-119,-102,-159,-136,-122,-151,-137,-174,-136,-149,-135,-151,-218,-110,-105,-121,-117,-135,-115,-127,-255,-119,-129,-129,-147,-118,-148,-143,-158,-122,-164,-173,-136,-164,-173,-147,-158,-206,-118,-225,-151,-166,-144,-124,-143,-176,-147,-129,-120,-146,-119,-150,-99,-108,-101,-500,-163,-121,-112,-152,-102,-321,-107,-128,-126,-90,-91,-94,-96,-77,-282,-78,-97,-95,-207,-275,-103,-85,-72,-95,-76,-85,-129,-93,-102,-95,-96,-99,-77,-74,-96,-65,-71,-96,-91,-92,-81,-98,-72,-81,-79,-94,-71,-235,-90,-88,-101,-83,-93,-94,-72,-77,-85,-79,-91,-85,-80,-63,-93,-81,-79,-162,-96,-88,-63,-81,-71,-71,-92,-96,-69,-74,-91,-64,-80,-172,-81,-71,-73,-74,-99,-72,-96,-66,-73,-83,-84,-84,-80,-106,-74,-74,-90,-90,-85,-93,-161,-71,-91,-84,-74,-105,-91,-74,-96,-90,-92,-79,-92,-73,-74,-77,-73,-82,-65,-65,-85,-94,-89,-116,-78,-72,-70,-176,-89,-72,-77,-74,-88,-74,-84,-79,-210,-83,-101,-125,-64,-77,-92,-85,-90,-64,-92,-80,-65,-90,-77,-78,-87,-84,-91,-72,-76,-83,-78,-112,-71,-81,-80,-100,-71,-78,-87,-86,-77,-77,-78,-73,-78,-86,-84,-65,-74,-97,-74,-64,-75,-66,-67,-65,-72,-92,-74,-99,-79,-66,-91,-64,-77,-73,-89,-76,-95,-73,-80,-65,-84,-66,-84,-77,-65,-76,-66,-80,-500,-78,-91,-89,-65,-76,-75,-65,-88,-93,-138,-84,-74,-65,-103,-77,-81,-84,-64,-71,-92,-89,-90,-75,-74,-81,-100,-71,-74,-95,-135,-76,-70,-79,-73,-103,-175,-64,-95,-78,-71,-109,-85,-94,-66,-72,-95,-83,-71,-68,-92,-97,-108,-107,-87,-64,-80,-67,-202,-103,-65,-79,-116,-73,-92,-72,-141,-70,-89,-70,-76,-255,-69,-83,-94,-84,-65,-84,-78,-78,-80,-84,-88,-81,-74,-83,-92,-83,-96,-113,-82,-80,-125
-500,-370,-466,-353,-244,-198,-210,-253,-213,-173,-198,-185,-303,-219,-246,-227,-178,-148,-239,-168,-225,-375,-170,-152,-219,-195,-188,-165,-401,-209,-230,-266,-171,-225,-394,-166,-322,-246,-240,-350,-248,-226,-254,-500,-465,-155,-392,-280,-490,-449,-500,-500,-277,-500,-500,-500,-329,-500,-385,-500,-500,-500,-420,-500,-500,-319,-500,-500,-500,-500,-407,-500,-500,-500,-313,-468,-500,-500,-500,-500,-500,-500,-500,-379,-500,-500,-500,-500,-408,-323,-224,-500,-500,-500,-500,-500,-500,-500,-500,-500,-500,-500,-500,-500,-500,-500,-500,-500,-500,-500,-500,-500,-500,-500,-500,-500,-500,-500,-500,-500,-500,-500,-500,-500,-500,-500,-500,-500,-500,-500,-436,-446,-328,-500,-440,-461,-500,-343,-500,-446,-314,-500,-500,-500,-263,-401,-500,-500,-500,-500,-500,-426,-500,-262,-340,-383,-367,-493,-310,-432,-232,-181,-261,-275,-265,-311,-233,-431,-195,-160,-452,-202,-303,-351,-238,-138,-176,-133,-213,-160,-210,-126,-135,-222,-101,-105,-130,-106,-88,-107,-120,-118,-97,-127,-153,-122,-139,-93,-129,-127,-129,-108,-95,-97,-95,-88,-88,-121,-101,-97,-117,-100,-90,-88,-105,-101,-90,-89,-120,-81,-99,-100,-103,-111,-81,-104,-81,-97,-76,-78,-86,-83,-83,-84,-85,-106,-103,-76,-88,-85,-85,-94,-69,-84,-62,-99,-82,-92,-92,-111,-186,-89,-94,-79,-95,-76,-88,-107,-83,-74,-84,-213,-102,-88,-87,-83,-86,-101,-113,-94,-93,-105,-93,-132,-113,-82,-109,-100,-95,-105,-86,-101,-144,-89,-147,-92,-92,-67,-86,-82,-80,-102,-86,-77,-81,-97,-92,-94,-83,-84,-85,-89,-91,-76,-83,-78,-93,-78,-83,-83,-76,-99,-81,-100,-108,-86,-78,-108,-61,-66,-97,-107,-91,-88,-76,-81,-83,-71,-109,-76,-103,-100,-78,-83,-89,-77,-72,-88,-63,-93,-107,-82,-75,-74,-109,-83,-79,-79,-78,-94,-80,-78,-75,-74,-80,-79,-78,-80,-74,-91,-73,-73,-105,-74,-72,-71,-75,-101,-90,-78,-89,-70,-77,-72,-90,-73,-86,-93,-82,-114,-83,-75,-107,-254,-83,-89,-65,-102,-85,-95,-96,-76,-85,-71,-75,-88,-96,-90,-75,-133,-98,-89,-92,-72,-84,-77,-136,-96,-95,-64,-95,-64,-84,-170,-96,-74,-66,-92,-111,-72,-80,-79,-92,-72,-64,-96,-85,-78,-72,-97,-76,-83,-147,-102,-74,-79,-84,-74,-79,-91,-76,-75,-97,-89,-94,-78,-78,-90,-73,-86,-130,-108,-71,-123,-63,-170,-95,-62,-93,-63,-203,-85,-71,-91,-78,-75,-83,-73,-74,-64,-89,-71,-64,-76,-92,-131,-79,-76,-110,-105,-102,-62,-102,-94,-84,-70,-77,-71,-75,-75,-78,-87,-112,-71,-88,-87,-93,-83,-95,-82
-478,-271,-222,-140,-125,-272,-140,-230,-188,-105,-124,-134,-134,-154,-156,-225,-193,-302,-500,-180,-149,-259,-203,-303,-500,-500,-500,-360,-500,-500,-500,-500,-500,-500,-500,-500,-500,-500,-500,-500,-436,-500,-500,-500,-500,-500,-500,-311,-500,-500,-500,-500,-500,-500,-469,-455,-500,-500,-424,-500,-424,-500,-387,-189,-349,-199,-147,-168,-111,-210,-198,-95,-149,-168,-120,-113,-219,-276,-84,-100,-86,-71,-86,-73,-97,-89,-73,-74,-74,-86,-88,-72,-70,-94,-69,-71,-72,-100,-157,-63,-74,-126,-72,-62,-76,-89,-61,-74,-92,-78,-77,-90,-90,-82,-81,-84,-89,-84,-102,-78,-77,-77,-71,-72,-87,-70,-68,-107,-63,-78,-97,-71,-61,-85,-74,-91,-86,-85,-87,-77,-113,-91,-88,-120,-139,-95,-84,-75,-71,-62,-71,-89,-88,-76,-71,-95,-106,-62,-94,-75,-79,-101,-97,-103,-77,-86,-77,-73,-83,-71,-74,-77,-74,-94,-64,-93,-115,-76,-71,-77,-71,-91,-70,-175,-70,-80,-85,-88,-69,-70,-72,-84,-110,-70,-71,-70,-76,-75,-99,-69,-85,-81,-79,-89,-63,-86,-92,-82,-93,-95,-92,-78,-84,-104,-78,-61,-98,-77,-94,-103,-95,-102,-83,-261,-122,-85,-339,-87,-92,-84,-90,-82,-83,-104,-74,-108,-84,-83,-92,-74,-92,-84,-88,-85,-86,-98,-77,-96,-90,-91,-93,-93,-81,-76,-161,-117,-73,-76,-96,-93,-75,-95,-81,-85,-75,-177,-92,-95,-84,-84,-83,-74,-107,-92,-118,-83,-77,-83,-88,-81,-70,-91,-85,-73,-81,-73,-83,-98,-82,-86,-143,-108,-70,-86,-96,-84,-73,-80,-75,-79,-72,-72,-74,-71,-82,-92,-127,-69,-70,-301,-89,-89,-71,-109,-107,-79,-73,-127,-62,-99,-69,-73,-77,-83,-74,-70,-93,-80,-72,-69,-136,-105,-74,-75,-87,-141,-97,-70,-93,-88,-93,-71,-89,-88,-84,-90,-78,-78,-99,-79,-76,-72,-73,-72,-75,-64,-74,-79,-75,-78,-76,-120,-125,-90,-79,-76,-102,-84,-89,-80,-88,-87,-99,-76,-83,-88,-82,-73,-164,-116,-88,-124,-102,-73,-125,-82,-103,-76,-75,-83,-87,-86,-88,-145,-86,-71,-83,-63,-79,-90,-150,-78,-102,-73,-78,-88,-71,-78,-86,-72,-76,-72,-85,-79,-121,-76,-273,-83,-69,-89,-89,-95,-78,-106,-77,-71,-81,-91,-95,-89,-88,-79,-201,-89,-83,-95,-72,-84,-71,-81,-77,-122,-110,-88,-84,-76,-86,-83,-97,-94,-97,-157,-101,-71,-73,-63,-99,-73,-165,-77,-84,-78,-75,-90,-89,-95,-100,-246,-87,-74,-112,-85,-99,-88,-98,-71,-71,-75,-90,-89,-100,-75,-172,-105,-71,-93,-80,-73,-141,-168,-73,-90,-74,-92,-96,-82,-323,-75,-83,-88
-500,-500,-311,-307,-341,-393,-254,-500,-500,-328,-466,-500,-474,-361,-424,-439,-347,-219,-256,-320,-394,-218,-308,-210,-365,-279,-193,-175,-195,-203,-305,-166,-171,-225,-201,-247,-261,-168,-195,-361,-272,-218,-262,-169,-256,-171,-180,-175,-282,-188,-183,-173,-181,-207,-168,-139,-152,-158,-111,-102,-107,-217,-119,-168,-136,-130,-75,-191,-144,-108,-100,-110,-109,-126,-127,-81,-116,-101,-500,-117,-84,-94,-105,-95,-100,-123,-151,-127,-122,-131,-116,-107,-92,-108,-139,-81,-112,-109,-101,-111,-85,-93,-82,-80,-82,-96,-122,-89,-102,-103,-87,-95,-83,-85,-94,-72,-77,-120,-84,-110,-77,-86,-83,-69,-139,-90,-72,-93,-154,-73,-98,-148,-70,-94,-99,-98,-72,-126,-91,-86,-76,-80,-78,-96,-107,-65,-85,-128,-75,-74,-80,-87,-71,-74,-92,-79,-84,-72,-87,-92,-128,-81,-99,-65,-91,-80,-93,-83,-86,-85,-85,-101,-97,-90,-100,-89,-162,-76,-86,-71,-93,-102,-93,-88,-112,-81,-75,-86,-72,-87,-93,-88,-71,-91,-74,-79,-96,-92,-162,-88,-73,-75,-83,-94,-500,-129,-94,-93,-87,-90,-112,-105,-63,-93,-129,-251,-71,-80,-75,-77,-86,-94,-68,-102,-82,-90,-93,-85,-91,-88,-173,-81,-99,-92,-62,-103,-71,-82,-104,-83,-94,-87,-91,-88,-200,-90,-64,-80,-78,-69,-75,-78,-98,-81,-123,-80,-81,-83,-93,-75,-87,-79,-98,-88,-63,-91,-99,-77,-77,-98,-96,-78,-75,-81,-90,-102,-81,-78,-73,-85,-62,-132,-73,-87,-94,-91,-79,-75,-74,-72,-95,-92,-90,-72,-83,-77,-71,-74,-87,-75,-76,-91,-75,-70,-64,-82,-64,-84,-77,-90,-81,-187,-70,-75,-63,-128,-127,-81,-81,-63,-190,-86,-96,-118,-64,-63,-91,-95,-84,-87,-87,-221,-71,-78,-61,-65,-74,-160,-93,-96,-89,-72,-74,-61,-128,-72,-70,-70,-80,-62,-76,-75,-88,-93,-90,-64,-64,-76,-86,-78,-88,-72,-64,-78,-90,-83,-78,-63,-82,-93,-79,-83,-81,-71,-93,-75,-82,-87,-117,-175,-140,-73,-176,-101,-83,-77,-78,-66,-65,-89,-78,-79,-71,-96,-98,-87,-62,-131,-74,-98,-76,-97,-75,-92,-88,-93,-63,-88,-93,-85,-75,-94,-94,-65,-79,-74,-125,-107,-72,-72,-85,-65,-64,-76,-88,-72,-72,-113,-72,-74,-91,-89,-81,-93,-71,-85,-65,-91,-73,-96,-92,-63,-79,-89,-120,-84,-79,-89,-89,-79,-76,-151,-88,-64,-78,-111,-71,-84,-82,-73,-102,-89,-73,-78,-79,-79,-99,-65,-95,-72,-92,-158,-78,-79,-76,-87,-90,-84,-92,-85,-85,-88,-69,-111,-81,-104,-72,-93,-77,-84,-86,-72,-71,-76,-65,-89,-95,-80,-72,-78
-500,-500,-500,-500,-500,-500,-500,-500,-500,-500,-500,-500,-500,-500,-500,-500,-500,-500,-500,-500,-500,-500,-500,-500,-500,-500,-500,-500,-500,-500,-500,-500,-500,-500,-500,-500,-500,-500,-500,-500,-500,-500,-500,-500,-500,-500,-500,-500,-500,-500,-500,-500,-500,-500,-500,-500,-500,-500,-500,-500,-500,-500,-500,-500,-500,-500,-500,-500,-500,-500,-500,-500,-500,-500,-500,-500,-500,-500,-500,-500,-500,-500,-500,-500,-500,-500,-500,-500,-500,-500,-500,-500,-500,-500,-500,-500,-500,-500,-500,-500,-500,-500,-500,-500,-500,-500,-500,-500,-500,-500,-500,-500,-500,-500,-500,-500,-500,-500,-500,-500,-500,-500,-500,-500,-500,-500,-500,-500,-500,-500,-500,-500,-500,-500,-500,-500,-500,-500,-500,-500,-500,-500,-500,-500,-500,-500,-500,-500,-500,-500,-500,-500,-500,-500,-500,-500,-500,-500,-500,-500,-500,-500,-500,-500,-500,-500,-500,-500,-500,-500,-500,-500,-500,-500,-500,-500,-500,-500,-500,-500,-500,-500,-500,-500,-500,-500,-500,-500,-500,-500,-500,-500,-500,-500,-500,-500,-500,-500,-500,-500,-500,-500,-500,-500,-500,-500,-500,-500,-500,-500,-500,-500,-500,-500,-500,-500,-500,-500,-500,-500,-500,-500,-500,-500,-500,-500,-500,-500,-500,-500,-500,-500,-500,-500,-500,-500,-500,-500,-500,-500,-500,-500,-500,-500,-500,-500,-500,-500,-500,-500,-500,-500,-500,-500,-500,-500,-500,-500,-500,-500,-500,-500,-500,-500,-500,-500,-500,-500,-500,-500,-500,-500,-500,-500,-500,-500,-500,-500,-500,-500,-500,-500,-500,-500,-500,-500,-500,-500,-500,-500,-500,-500,-500,-500,-500,-500,-500,-500,-500,-500,-500,-500,-500,-500,-500,-500,-500,-500,-500,-500,-500,-500,-500,-500,-500,-500,-500,-500,-500,-500,-500,-500,-500,-500,-500,-500,-500,-500,-500,-500,-500,-500,-500,-500,-500,-500,-500,-500,-500,-500,-500,-500,-500,-500,-500,-500,-500,-500,-500,-500,-500,-500,-500,-500,-500,-500,-500,-500,-500,-500,-500,-500,-500,-500,-500,-500,-500,-500,-500,-500,-500,-500,-500,-500,-500,-500,-500,-500,-500,-500,-500,-500,-500,-500,-500,-500,-500,-500,-500,-500,-500,-500,-500,-500,-500,-500,-500,-500,-500,-500,-500,-500,-500,-500,-500,-500,-500,-500,-500,-500,-500,-500,-500,-500,-500,-500,-500,-500,-500,-500,-500,-500,-500,-500,-500,-500,-500,-500,-500,-500,-500,-500,-500,-500,-500,-500,-500,-500,-500,-500,-500,-500,-500,-500,-500,-500,-500,-500,-500,-500,-500,-500,-500,-500,-500,-500,-500,-500,-500,-500,-500,-500,-500,-500,-500,-500,-500,-500,-500,-500,-500,-500,-500,-500,-500,-500,-500,-500,-500,-500,-500,-500,-500,-500,-500,-500,-500,-500,-500,-500,-500,-500,-500,-500,-500,-500,-500,-500,-500,-500
