-500,-500,-500,-360,-500,-500,-500,-500,-500,-330,-353,-500,-500,-249,-500,-471,-354,-476,-305,-333,-308,-318,-500,-500,-500,-327,-500,-500,-500,-500,-431,-500,-367,-343,-454,-369,-500,-395,-423,-358,-496,-243,-243,-434,-261,-294,-182,-361,-230,-367,-453,-278,-289,-256,-283,-183,-210,-318,-266,-263,-290,-252,-256,-311,-188,-252,-183,-207,-175,-213,-255,-187,-247,-271,-246,-183,-282,-153,-177,-201,-171,-236,-374,-135,-223,-250,-272,-229,-274,-153,-257,-217,-160,-181,-213,-189,-189,-283,-163,-166,-185,-172,-200,-184,-138,-162,-250,-169,-283,-137,-293,-96,-110,-155,-173,-236,-254,-153,-206,-163,-132,-114,-132,-141,-128,-155,-148,-142,-196,-124,-148,-192,-115,-123,-189,-225,-119,-147,-130,-196,-115,-163,-188,-154,-127,-129,-223,-120,-103,-139,-332,-191,-152,-120,-139,-120,-176,-107,-178,-117,-161,-107,-179,-176,-140,-111,-114,-121,-191,-131,-182,-145,-129,-172,-150,-136,-133,-134,-127,-267,-111,-171,-102,-111,-105,-114,-151,-119,-342,-145,-137,-107,-149,-107,-103,-108,-137,-191,-144,-113,-140,-128,-137,-179,-127,-124,-120,-89,-106,-104,-141,-102,-252,-100,-107,-152,-148,-116,-142,-129,-129,-123,-94,-134,-103,-112,-99,-170,-101,-175,-134,-98,-117,-114,-184,-127,-123,-105,-117,-119,-128,-137,-160,-115,-102,-122,-158,-147,-109,-101,-108,-110,-124,-112,-98,-94,-138,-149,-127,-119,-88,-222,-176,-99,-134,-110,-108,-117,-120,-110,-102,-145,-130,-126,-127,-202,-150,-114,-218,-131,-103,-151,-139,-133,-166,-109,-292,-102,-142,-131,-100,-112,-127,-129,-92,-128,-97,-174,-132,-133,-185,-134,-92,-105,-110,-144,-131,-81,-117,-147,-90,-104,-131,-115,-124,-95,-94,-125,-99,-84,-119,-136,-231,-118,-104,-155,-85,-500,-126,-117,-116,-99,-142,-119,-110,-117,-132,-86,-150,-194,-134,-133,-138,-129,-123,-202,-110,-129,-135,-108,-120,-111,-102,-107,-119,-128,-151,-105,-134,-196,-101,-96,-105,-122,-126,-92,-101,-113,-128,-84,-119,-141,-174,-121,-92,-99,-127,-145,-124,-115,-92,-108,-116,-115,-88,-157,-93,-89,-103,-96,-90,-132,-80,-118,-133,-91,-104,-136,-98,-135,-210,-90,-86,-156,-126,-150,-159,-79,-109,-85,-258,-101,-93,-88,-104,-83,-105,-132,-153,-91,-100,-95,-115,-77,-92,-99,-109,-204,-106,-168,-118,-112,-97,-116,-135,-118,-113,-90,-123,-96,-102,-91,-119,-87,-122,-126,-143,-116,-117,-129,-127,-107,-124,-118,-115,-136,-115,-91,-107,-96,-88,-174,-108,-94,-103,-118,-85,-86,-106,-113,-114,-154,-244,-106,-146,-105,-99,-98,-256,-113,-101,-84,-318,-91,-114,-112,-100,-87,-110,-132,-103,-84,-132,-150,-137,-101,-106,-87,-165,-151
-458,-500,-409,-500,-500,-500,-335,-458,-500,-416,-500,-500,-430,-500,-500,-500,-465,-500,-500,-500,-349,-500,-500,-450,-282,-413,-500,-473,-332,-314,-500,-345,-330,-383,-322,-500,-390,-274,-500,-500,-442,-376,-369,-432,-359,-334,-282,-477,-372,-254,-265,-434,-277,-316,-240,-245,-389,-394,-291,-249,-312,-361,-268,-424,-263,-282,-229,-268,-312,-243,-163,-160,-332,-293,-234,-368,-266,-333,-395,-442,-278,-400,-191,-222,-172,-273,-331,-434,-194,-271,-381,-246,-288,-345,-192,-214,-236,-280,-416,-188,-263,-187,-172,-445,-279,-233,-376,-179,-188,-252,-285,-192,-222,-193,-233,-202,-223,-253,-203,-203,-154,-201,-190,-233,-187,-212,-156,-179,-162,-189,-146,-169,-228,-147,-136,-195,-181,-179,-146,-203,-233,-178,-166,-209,-260,-200,-156,-166,-242,-245,-192,-140,-209,-159,-221,-164,-197,-142,-167,-234,-161,-144,-298,-226,-204,-245,-109,-175,-125,-222,-259,-161,-159,-131,-181,-166,-175,-169,-267,-182,-151,-188,-204,-152,-146,-141,-154,-150,-182,-179,-170,-129,-161,-225,-201,-126,-122,-100,-184,-144,-204,-135,-133,-161,-183,-153,-169,-249,-127,-194,-137,-223,-152,-185,-106,-119,-134,-170,-111,-122,-206,-130,-160,-145,-123,-118,-152,-115,-146,-116,-163,-136,-144,-118,-155,-100,-118,-127,-118,-91,-102,-105,-137,-93,-257,-128,-149,-131,-123,-117,-123,-100,-147,-136,-138,-141,-115,-158,-105,-159,-114,-126,-140,-168,-112,-133,-115,-89,-190,-103,-88,-144,-176,-157,-159,-155,-142,-167,-144,-126,-96,-101,-101,-125,-127,-110,-115,-91,-110,-120,-141,-167,-119,-107,-135,-110,-136,-108,-133,-150,-122,-96,-113,-121,-133,-101,-110,-96,-135,-97,-107,-119,-137,-114,-141,-98,-104,-135,-96,-105,-124,-114,-113,-132,-129,-116,-109,-111,-97,-121,-126,-131,-114,-97,-107,-116,-151,-154,-112,-157,-91,-109,-158,-90,-158,-98,-88,-111,-98,-150,-136,-96,-142,-104,-99,-126,-114,-148,-207,-107,-101,-167,-109,-92,-92,-135,-131,-92,-119,-116,-213,-105,-113,-178,-93,-107,-91,-240,-124,-120,-220,-117,-83,-119,-90,-99,-135,-98,-104,-106,-236,-142,-112,-133,-119,-98,-114,-124,-134,-122,-95,-134,-115,-150,-94,-296,-368,-136,-86,-108,-145,-116,-128,-85,-106,-104,-92,-172,-181,-157,-169,-111,-83,-96,-125,-126,-86,-106,-204,-146,-84,-129,-114,-105,-102,-145,-96,-109,-135,-90,-110,-114,-117,-119,-87,-114,-99,-100,-117,-113,-500,-261,-213,-114,-102,-89,-215,-500,-500,-500,-500,-500,-500,-500,-500,-500,-500,-500,-500,-500,-500,-500,-500,-500,-500,-500,-500,-500,-500,-500,-500,-500,-500,-500,-500,-500,-500,-500,-500,-500,-500,-500,-500,-500,-500,-500,-500,-500,-500,-500
-500,-500,-500,-500,-500,-500,-500,-500,-500,-500,-500,-500,-500,-500,-500,-500,-500,-500,-500,-500,-500,-500,-500,-500,-500,-500,-500,-500,-500,-500,-500,-500,-500,-500,-500,-500,-500,-500,-500,-500,-500,-500,-500,-500,-500,-500,-500,-500,-500,-500,-500,-500,-500,-500,-500,-500,-500,-500,-500,-500,-500,-500,-500,-500,-500,-500,-500,-500,-500,-500,-500,-500,-500,-500,-500,-500,-500,-500,-500,-500,-500,-500,-500,-500,-500,-500,-500,-492,-500,-500,-500,-500,-500,-500,-500,-500,-500,-500,-500,-500,-500,-500,-500,-500,-500,-500,-500,-500,-500,-500,-500,-500,-500,-500,-500,-500,-500,-500,-500,-500,-500,-500,-500,-500,-500,-500,-500,-500,-500,-500,-500,-500,-500,-500,-500,-500,-500,-500,-500,-500,-500,-500,-500,-500,-500,-500,-500,-500,-500,-500,-500,-500,-500,-500,-500,-500,-500,-500,-500,-500,-500,-500,-500,-500,-500,-500,-500,-500,-500,-500,-500,-500,-500,-500,-500,-500,-500,-500,-500,-500,-500,-500,-500,-500,-494,-500,-500,-500,-500,-500,-500,-500,-500,-500,-500,-500,-500,-500,-500,-500,-500,-500,-500,-500,-500,-500,-500,-500,-500,-500,-500,-500,-500,-500,-500,-500,-500,-500,-500,-500,-500,-500,-500,-500,-500,-500,-500,-500,-500,-500,-500,-500,-500,-500,-500,-500,-500,-500,-500,-500,-500,-500,-500,-500,-500,-500,-500,-500,-500,-500,-500,-500,-500,-500,-500,-500,-500,-500,-500,-500,-500,-500,-500,-500,-500,-500,-500,-500,-500,-500,-500,-500,-500,-500,-500,-500,-500,-500,-500,-500,-500,-500,-500,-500,-500,-500,-500,-500,-500,-500,-500,-500,-500,-500,-500,-500,-500,-500,-500,-500,-500,-500,-500,-500,-500,-500,-500,-500,-500,-500,-500,-500,-500,-500,-500,-500,-500,-500,-500,-500,-500,-500,-500,-500,-500,-500,-500,-500,-500,-500,-500,-500,-500,-500,-500,-500,-500,-500,-500,-500,-500,-500,-500,-500,-500,-500,-500,-500,-500,-500,-500,-500,-500,-500,-500,-500,-500,-500,-500,-500,-500,-500,-500,-500,-500,-500,-500,-500,-500,-500,-500,-500,-500,-500,-500,-500,-500,-500,-500,-500,-500,-500,-500,-500,-500,-500,-500,-500,-500,-500,-500,-500,-500,-500,-500,-500,-500,-500,-500,-500,-500,-500,-500,-500,-500,-500,-500,-500,-500,-500,-500,-500,-500,-500,-500,-500,-500,-500,-500,-500,-500,-500,-500,-500,-500,-500,-500,-500,-500,-500,-500,-500,-500,-500,-500,-500,-500,-500,-500,-500,-500,-500,-500,-500,-500,-500,-500,-500,-500,-500,-500,-500,-500,-500,-500,-500,-500,-500,-500,-500,-500,-500,-500,-500,-500,-500,-500,-500,-500,-500,-500,-500,-500,-500,-500,-500,-500,-500,-500,-500,-500,-500,-500,-500,-500,-500,-500,-500,-500,-500,-500,-500,-500,-500,-500,-500,-500,-500,-500,-500
-500,-500,-500,-491,-500,-375,-500,-500,-332,-500,-500,-500,-500,-444,-500,-500,-500,-500,-344,-500,-383,-500,-386,-497,-500,-500,-454,-241,-450,-356,-500,-500,-371,-346,-328,-397,-500,-500,-453,-500,-324,-500,-371,-500,-395,-438,-334,-486,-500,-451,-431,-330,-500,-332,-478,-500,-269,-500,-297,-466,-500,-394,-391,-500,-500,-353,-500,-339,-474,-403,-478,-386,-198,-460,-328,-389,-262,-481,-353,-378,-277,-387,-330,-352,-314,-312,-214,-290,-371,-357,-223,-414,-236,-254,-211,-307,-313,-289,-344,-420,-259,-251,-327,-218,-273,-273,-261,-252,-231,-325,-392,-290,-312,-240,-332,-209,-184,-249,-400,-251,-301,-251,-453,-209,-313,-247,-230,-172,-199,-282,-235,-468,-269,-235,-255,-283,-210,-346,-345,-222,-198,-195,-237,-284,-500,-192,-177,-251,-215,-199,-277,-223,-192,-292,-246,-264,-178,-279,-202,-148,-216,-161,-193,-201,-204,-152,-155,-190,-179,-208,-151,-174,-186,-111,-191,-181,-162,-228,-174,-161,-228,-234,-215,-196,-200,-129,-217,-201,-165,-229,-140,-194,-181,-237,-178,-187,-197,-176,-197,-165,-241,-452,-195,-219,-189,-171,-148,-162,-132,-179,-189,-154,-159,-165,-141,-265,-246,-168,-131,-182,-227,-130,-150,-125,-197,-166,-114,-151,-151,-148,-248,-175,-160,-158,-135,-223,-109,-143,-111,-214,-139,-137,-187,-129,-164,-104,-167,-98,-130,-115,-161,-130,-129,-175,-415,-141,-150,-141,-170,-109,-195,-131,-155,-110,-122,-109,-99,-214,-124,-131,-135,-153,-126,-130,-121,-173,-142,-150,-147,-124,-145,-125,-150,-97,-202,-149,-143,-133,-144,-182,-130,-109,-143,-94,-141,-168,-149,-137,-159,-130,-153,-172,-179,-132,-110,-132,-123,-116,-144,-121,-113,-159,-500,-148,-121,-117,-132,-221,-143,-169,-187,-101,-184,-114,-124,-131,-136,-114,-123,-127,-105,-102,-135,-109,-140,-134,-100,-131,-121,-106,-148,-131,-121,-116,-247,-129,-118,-250,-195,-121,-148,-123,-120,-86,-159,-150,-155,-101,-131,-98,-112,-132,-169,-105,-130,-176,-94,-115,-116,-118,-303,-149,-206,-269,-143,-138,-265,-151,-102,-130,-175,-209,-162,-125,-121,-149,-309,-101,-160,-110,-101,-156,-119,-95,-97,-100,-141,-102,-271,-170,-243,-115,-120,-128,-129,-269,-92,-141,-109,-106,-99,-113,-130,-115,-101,-153,-129,-138,-113,-210,-107,-168,-88,-96,-109,-107,-127,-92,-92,-130,-98,-104,-178,-140,-134,-112,-140,-106,-152,-139,-129,-123,-234,-137,-116,-80,-139,-149,-110,-109,-110,-91,-99,-192,-125,-143,-88,-146,-122,-93,-144,-86,-120,-104,-115,-94,-99,-104,-183,-107,-90,-124,-95,-127,-79,-87,-147,-102,-119,-118,-117,-163,-90,-147,-118,-93,-138,-112,-117,-114,-118,-110,-118,-112,-104,-124,-86,-98,-129,-102
-500,-487,-457,-500,-488,-500,-500,-489,-500,-436,-281,-252,-340,-446,-266,-500,-413,-354,-218,-226,-461,-467,-500,-244,-290,-281,-397,-168,-450,-351,-390,-500,-261,-393,-220,-249,-167,-286,-177,-163,-163,-185,-240,-148,-346,-227,-287,-210,-175,-163,-216,-197,-177,-212,-259,-370,-221,-165,-244,-166,-221,-246,-182,-222,-219,-165,-183,-162,-134,-177,-202,-255,-265,-310,-222,-169,-257,-267,-233,-202,-268,-157,-171,-227,-170,-231,-249,-237,-236,-165,-282,-152,-194,-136,-201,-169,-199,-334,-172,-119,-128,-227,-176,-248,-177,-285,-127,-134,-121,-141,-130,-157,-230,-113,-129,-206,-142,-161,-149,-346,-193,-121,-108,-131,-143,-158,-355,-141,-174,-125,-150,-189,-102,-119,-115,-128,-152,-153,-140,-169,-118,-170,-115,-97,-89,-133,-500,-101,-140,-112,-108,-121,-160,-156,-117,-159,-114,-117,-121,-163,-130,-98,-117,-93,-111,-181,-127,-120,-112,-119,-268,-129,-148,-162,-138,-165,-197,-113,-138,-138,-122,-130,-122,-95,-98,-128,-127,-126,-173,-160,-107,-103,-110,-126,-134,-115,-138,-118,-118,-103,-112,-125,-137,-127,-139,-167,-112,-135,-104,-224,-125,-129,-100,-113,-131,-121,-185,-128,-182,-96,-117,-140,-144,-126,-109,-99,-104,-119,-115,-134,-133,-167,-100,-143,-139,-179,-122,-156,-140,-149,-147,-130,-185,-118,-111,-105,-120,-89,-111,-136,-111,-138,-127,-121,-113,-103,-136,-132,-128,-87,-128,-216,-129,-133,-130,-116,-83,-132,-91,-126,-116,-89,-148,-149,-112,-112,-108,-123,-153,-108,-103,-103,-122,-116,-139,-125,-84,-121,-124,-279,-121,-151,-120,-113,-103,-118,-81,-121,-107,-132,-94,-112,-98,-115,-99,-138,-121,-109,-130,-96,-196,-97,-119,-89,-122,-185,-104,-278,-92,-181,-99,-113,-136,-146,-136,-110,-85,-165,-106,-102,-113,-133,-94,-70,-127,-126,-103,-250,-98,-117,-119,-117,-134,-111,-105,-140,-90,-129,-101,-82,-131,-103,-107,-102,-185,-130,-225,-154,-112,-93,-112,-106,-106,-91,-145,-112,-117,-109,-192,-200,-110,-195,-101,-93,-105,-218,-116,-157,-108,-138,-95,-97,-95,-139,-101,-110,-82,-107,-135,-102,-96,-109,-107,-99,-93,-128,-85,-84,-239,-105,-121,-113,-84,-94,-85,-110,-281,-123,-115,-84,-118,-81,-115,-92,-106,-204,-110,-121,-113,-119,-100,-89,-113,-90,-178,-97,-109,-192,-115,-87,-94,-98,-208,-147,-107,-120,-91,-108,-267,-86,-88,-142,-93,-91,-137,-133,-99,-110,-100,-112,-131,-106,-249,-78,-118,-129,-91,-92,-99,-123,-92,-105,-208,-114,-108,-120,-93,-89,-132,-109,-70,-135,-102,-150,-102,-125,-100,-115,-93,-99,-115,-104,-104,-136,-107,-93,-106,-92,-88,-115,-94,-93,-126,-86,-109,-133,-76,-143,-118,-125
-500,-500,-500,-500,-500,-500,-500,-500,-500,-500,-500,-500,-500,-500,-500,-500,-500,-500,-500,-500,-500,-500,-500,-500,-500,-500,-500,-500,-500,-500,-500,-500,-500,-500,-500,-500,-500,-500,-500,-500,-500,-500,-500,-500,-500,-500,-500,-500,-500,-500,-500,-500,-500,-500,-500,-500,-500,-500,-500,-500,-500,-500,-500,-500,-500,-500,-500,-500,-500,-500,-500,-500,-500,-500,-500,-500,-500,-500,-500,-500,-500,-500,-500,-500,-500,-500,-500,-500,-500,-500,-500,-500,-500,-500,-500,-500,-500,-500,-500,-500,-500,-500,-500,-500,-500,-500,-500,-500,-500,-500,-500,-500,-500,-500,-500,-500,-500,-500,-500,-500,-500,-500,-500,-500,-500,-500,-500,-500,-500,-500,-500,-500,-500,-500,-500,-500,-500,-500,-500,-500,-500,-500,-500,-500,-500,-500,-500,-500,-500,-500,-500,-500,-500,-500,-500,-500,-500,-500,-500,-500,-500,-500,-500,-500,-500,-500,-500,-500,-500,-500,-500,-500,-500,-500,-500,-500,-500,-500,-500,-500,-500,-500,-500,-500,-500,-500,-500,-500,-500,-500,-500,-500,-500,-500,-500,-500,-500,-500,-500,-500,-500,-500,-500,-500,-500,-500,-500,-500,-500,-500,-500,-500,-500,-500,-500,-500,-500,-500,-500,-500,-500,-500,-500,-500,-500,-500,-500,-500,-500,-500,-500,-500,-500,-500,-500,-500,-500,-500,-500,-500,-500,-500,-500,-500,-500,-500,-500,-500,-500,-500,-500,-500,-500,-500,-500,-500,-500,-500,-500,-500,-500,-500,-500,-500,-500,-500,-500,-500,-500,-500,-500,-500,-500,-500,-500,-500,-500,-500,-500,-500,-500,-500,-500,-500,-500,-500,-500,-500,-500,-500,-500,-500,-500,-500,-500,-500,-500,-500,-500,-500,-500,-500,-500,-500,-500,-500,-500,-500,-500,-500,-500,-500,-500,-500,-500,-500,-500,-500,-500,-500,-500,-500,-500,-500,-500,-500,-500,-500,-500,-500,-500,-500,-500,-500,-500,-500,-500,-500,-500,-500,-500,-500,-500,-500,-500,-500,-500,-500,-500,-500,-500,-500,-500,-500,-500,-500,-500,-500,-500,-500,-500,-500,-500,-500,-500,-500,-500,-500,-500,-500,-500,-500,-500,-500,-500,-500,-500,-500,-500,-500,-500,-500,-500,-500,-500,-500,-500,-500,-500,-500,-500,-500,-500,-500,-500,-500,-500,-500,-500,-500,-500,-500,-500,-500,-500,-500,-500,-500,-500,-500,-500,-500,-500,-500,-500,-500,-500,-500,-500,-500,-500,-500,-500,-500,-500,-299,-500,-500,-448,-500,-500,-500,-308,-500,-500,-500,-470,-500,-500,-500,-413,-500,-500,-500,-500,-500,-500,-500,-500,-429,-331,-500,-500,-500,-459,-480,-500,-467,-500,-500,-500,-452,-500,-500,-480,-500,-289,-437,-278,-455,-421,-407,-500,-500,-464,-500,-495,-500,-500,-317,-500,-500,-380,-318,-478,-500,-391,-303,-326,-456,-268,-317,-289,-256,-312,-254,-379,-333,-293,-287
-500,-500,-500,-500,-500,-500,-500,-500,-500,-500,-500,-500,-500,-500,-500,-500,-500,-500,-500,-500,-500,-500,-500,-500,-500,-500,-500,-500,-500,-500,-500,-500,-500,-500,-500,-500,-500,-500,-500,-500,-500,-500,-500,-500,-500,-500,-500,-500,-500,-500,-500,-500,-500,-500,-500,-500,-500,-500,-500,-500,-500,-500,-500,-500,-500,-500,-500,-500,-500,-500,-500,-500,-500,-500,-500,-500,-500,-500,-500,-500,-500,-500,-500,-500,-500,-500,-500,-500,-500,-500,-500,-500,-500,-500,-500,-500,-500,-500,-500,-500,-500,-500,-500,-500,-500,-500,-500,-500,-500,-500,-500,-500,-500,-500,-500,-500,-500,-500,-500,-500,-500,-500,-500,-500,-500,-500,-500,-500,-500,-500,-500,-500,-500,-500,-500,-500,-500,-500,-500,-500,-500,-500,-500,-500,-500,-500,-500,-500,-500,-500,-500,-500,-500,-500,-500,-500,-500,-500,-500,-500,-500,-500,-500,-500,-500,-500,-500,-500,-500,-500,-500,-500,-500,-500,-500,-500,-500,-500,-500,-500,-500,-500,-500,-500,-500,-500,-500,-500,-500,-500,-500,-500,-500,-500,-500,-500,-500,-500,-500,-500,-500,-500,-500,-500,-500,-500,-500,-500,-500,-500,-500,-500,-500,-500,-500,-500,-500,-500,-500,-500,-500,-486,-500,-500,-500,-500,-500,-500,-500,-500,-463,-500,-500,-500,-500,-500,-500,-500,-500,-500,-500,-500,-500,-500,-500,-500,-500,-500,-500,-393,-500,-500,-500,-500,-500,-500,-438,-480,-500,-500,-499,-500,-500,-500,-500,-500,-500,-500,-500,-500,-500,-500,-500,-500,-500,-500,-500,-500,-500,-500,-500,-500,-500,-500,-500,-500,-500,-500,-500,-500,-500,-500,-500,-500,-500,-500,-500,-500,-500,-500,-500,-500,-500,-500,-500,-500,-500,-500,-500,-500,-500,-500,-500,-500,-500,-500,-500,-500,-500,-500,-500,-500,-500,-500,-500,-500,-500,-500,-500,-500,-500,-500,-500,-500,-500,-500,-500,-500,-500,-500,-500,-500,-500,-500,-500,-500,-500,-500,-500,-500,-500,-500,-500,-500,-500,-500,-500,-500,-500,-500,-500,-500,-500,-500,-500,-500,-500,-500,-500,-500,-500,-500,-500,-500,-500,-500,-500,-500,-500,-500,-500,-500,-500,-500,-500,-500,-500,-500,-500,-500,-500,-500,-500,-500,-500,-500,-500,-500,-500,-500,-500,-500,-500,-500,-500,-500,-500,-500,-500,-500,-500,-500,-500,-500,-500,-500,-500,-500,-500,-500,-500,-500,-500,-500,-500,-500,-500,-500,-500,-500,-500,-500,-500,-500,-500,-500,-500,-500,-500,-500,-500,-500,-500,-500,-500,-500,-500,-500,-500,-500,-500,-500,-500,-500,-500,-500,-500,-500,-500,-500,-500,-500,-500,-500,-500,-500,-500,-500,-500,-500,-500,-500,-500,-500,-500,-500,-500,-500,-500,-500,-500,-500,-500,-500,-500,-500,-473,-500,-500,-500,-500,-500,-500,-500,-500,-500,-500,-500,-500,-500
-500,-500,-500,-500,-500,-500,-500,-500,-500,-500,-500,-500,-500,-500,-500,-500,-500,-500,-500,-500,-500,-420,-500,-500,-500,-500,-500,-500,-500,-500,-500,-500,-500,-500,-500,-500,-500,-500,-500,-497,-500,-500,-500,-500,-500,-500,-500,-500,-500,-500,-500,-500,-500,-500,-500,-500,-500,-500,-500,-500,-500,-500,-500,-500,-500,-500,-500,-500,-500,-500,-500,-500,-500,-500,-500,-500,-500,-500,-500,-500,-500,-500,-500,-500,-500,-500,-500,-500,-500,-500,-500,-500,-500,-500,-500,-500,-500,-500,-500,-500,-500,-500,-500,-500,-500,-500,-500,-500,-500,-500,-500,-500,-500,-500,-500,-500,-500,-500,-500,-500,-500,-500,-500,-500,-500,-500,-500,-500,-441,-500,-500,-500,-500,-500,-500,-500,-500,-500,-500,-500,-500,-500,-500,-500,-500,-500,-500,-500,-500,-500,-500,-500,-500,-500,-500,-500,-500,-500,-500,-500,-500,-500,-500,-500,-500,-500,-500,-500,-500,-500,-500,-500,-500,-500,-500,-500,-500,-500,-500,-500,-500,-500,-500,-500,-500,-500,-500,-500,-500,-500,-500,-500,-500,-500,-500,-500,-500,-500,-500,-500,-500,-500,-500,-500,-500,-500,-500,-500,-500,-500,-500,-500,-500,-500,-500,-500,-500,-500,-500,-500,-500,-500,-500,-500,-500,-500,-500,-500,-500,-500,-500,-500,-500,-500,-500,-500,-500,-500,-500,-500,-500,-500,-500,-500,-500,-500,-500,-500,-500,-500,-500,-500,-500,-500,-500,-500,-500,-500,-500,-500,-500,-500,-500,-500,-500,-500,-500,-500,-500,-500,-500,-500,-500,-500,-500,-500,-500,-500,-500,-500,-500,-500,-500,-500,-500,-500,-500,-500,-500,-500,-500,-500,-500,-500,-500,-500,-500,-500,-500,-500,-500,-500,-500,-500,-500,-500,-500,-500,-500,-500,-500,-500,-500,-500,-500,-500,-500,-500,-500,-500,-500,-500,-500,-500,-500,-500,-500,-500,-500,-500,-500,-500,-500,-500,-500,-500,-500,-500,-500,-500,-500,-500,-500,-500,-500,-500,-500,-500,-500,-500,-500,-500,-500,-500,-500,-500,-500,-500,-500,-500,-500,-500,-500,-500,-500,-500,-500,-500,-500,-500,-500,-500,-500,-500,-500,-500,-500,-500,-500,-500,-500,-500,-500,-500,-500,-500,-500,-500,-500,-500,-500,-500,-500,-500,-500,-500,-500,-500,-500,-500,-500,-500,-500,-500,-500,-500,-500,-500,-500,-500,-500,-500,-500,-500,-500,-500,-500,-500,-500,-500,-500,-500,-500,-500,-500,-500,-500,-500,-500,-500,-500,-500,-500,-500,-500,-500,-500,-500,-500,-500,-500,-500,-500,-500,-500,-500,-500,-500,-500,-500,-500,-500,-500,-500,-500,-500,-500,-500,-500,-500,-500,-500,-500,-500,-500,-500,-500,-500,-500,-500,-500,-500,-500,-500,-500,-500,-500,-500,-500,-500,-500,-500,-500,-500,-500,-500,-500,-500,-500,-500,-500,-500,-500,-500,-500,-500,-500,-500,-500,-500
-500,-500,-500,-500,-500,-500,-500,-500,-500,-500,-500,-500,-500,-500,-500,-500,-500,-500,-500,-500,-500,-500,-500,-500,-500,-500,-500,-500,-500,-500,-500,-500,-500,-500,-500,-500,-500,-500,-500,-500,-500,-500,-500,-500,-500,-500,-500,-500,-500,-500,-500,-500,-500,-500,-500,-500,-500,-500,-500,-500,-500,-500,-500,-500,-500,-500,-500,-500,-500,-500,-500,-500,-500,-500,-500,-500,-500,-500,-500,-500,-500,-500,-500,-500,-500,-500,-500,-500,-500,-500,-500,-500,-500,-500,-500,-500,-500,-500,-500,-500,-500,-500,-500,-500,-500,-500,-500,-500,-500,-500,-500,-500,-500,-500,-500,-500,-500,-500,-500,-500,-500,-500,-500,-500,-500,-500,-500,-500,-500,-500,-500,-500,-500,-500,-500,-500,-500,-500,-500,-500,-500,-500,-500,-500,-500,-500,-500,-500,-500,-500,-500,-500,-500,-500,-500,-500,-500,-500,-500,-500,-500,-500,-500,-500,-500,-500,-500,-500,-500,-500,-500,-500,-500,-500,-500,-500,-500,-500,-500,-500,-500,-500,-500,-500,-500,-500,-500,-500,-500,-500,-500,-500,-500,-500,-500,-500,-500,-500,-500,-500,-500,-500,-500,-500,-500,-500,-500,-500,-500,-500,-500,-500,-500,-500,-500,-500,-500,-500,-500,-500,-500,-500,-500,-500,-500,-500,-500,-500,-500,-500,-500,-500,-500,-500,-500,-500,-500,-500,-500,-500,-500,-500,-500,-500,-500,-500,-500,-500,-500,-500,-500,-500,-500,-500,-500,-500,-500,-500,-500,-500,-500,-500,-500,-500,-500,-500,-500,-500,-500,-500,-500,-500,-500,-500,-500,-500,-500,-500,-500,-500,-500,-500,-500,-500,-500,-500,-500,-500,-500,-500,-500,-500,-500,-500,-500,-500,-500,-500,-500,-500,-500,-500,-500,-500,-500,-500,-500,-500,-500,-500,-500,-500,-500,-500,-500,-500,-500,-500,-500,-500,-500,-500,-500,-500,-500,-500,-500,-500,-500,-500,-500,-500,-500,-500,-500,-500,-500,-500,-500,-500,-500,-500,-500,-500,-500,-500,-500,-500,-500,-500,-500,-500,-500,-500,-500,-500,-500,-500,-500,-500,-500,-500,-500,-500,-500,-500,-500,-500,-500,-500,-500,-500,-500,-500,-500,-500,-500,-500,-500,-500,-500,-500,-500,-500,-500,-500,-500,-500,-500,-500,-500,-500,-500,-500,-500,-500,-500,-500,-500,-500,-500,-500,-500,-500,-500,-500,-500,-500,-500,-500,-500,-500,-500,-500,-500,-500,-500,-500,-500,-500,-500,-500,-500,-500,-500,-500,-500,-500,-500,-500,-500,-500,-500,-500,-500,-500,-500,-500,-500,-500,-500,-500,-500,-500,-500,-500,-500,-500,-500,-500,-500,-500,-500,-500,-500,-500,-500,-500,-500,-500,-500,-500,-500,-500,-500,-500,-500,-500,-500,-500,-500,-500,-500,-500,-500,-500,-500,-500,-500,-500,-361,-500,-500,-500,-500,-500,-500,-500,-500,-500,-500,-500,-500,-500,-500,-500,-500,-500,-500,-500
-500,-500,-500,-500,-500,-500,-500,-500,-500,-500,-500,-500,-500,-500,-500,-500,-500,-500,-500,-500,-500,-500,-500,-500,-500,-500,-500,-500,-500,-500,-500,-500,-500,-500,-500,-500,-500,-500,-500,-500,-500,-500,-500,-500,-500,-500,-500,-500,-500,-500,-500,-500,-500,-500,-500,-500,-500,-500,-500,-500,-500,-500,-500,-500,-500,-500,-500,-500,-500,-500,-500,-500,-500,-500,-500,-500,-500,-500,-500,-500,-500,-500,-500,-500,-500,-500,-500,-500,-500,-500,-500,-500,-500,-500,-500,-500,-500,-500,-500,-500,-500,-500,-500,-500,-500,-500,-500,-500,-500,-500,-500,-500,-500,-500,-500,-500,-500,-500,-500,-500,-500,-500,-500,-500,-500,-500,-500,-500,-500,-500,-500,-500,-450,-500,-500,-500,-500,-500,-500,-500,-500,-500,-500,-500,-500,-500,-500,-500,-500,-500,-500,-500,-500,-500,-500,-500,-354,-500,-500,-500,-500,-500,-500,-500,-500,-471,-500,-500,-500,-500,-479,-500,-500,-500,-455,-432,-500,-422,-500,-269,-500,-500,-418,-413,-500,-319,-439,-500,-447,-372,-339,-247,-358,-381,-500,-341,-392,-500,-472,-474,-500,-500,-500,-500,-436,-500,-310,-301,-444,-393,-375,-392,-408,-485,-267,-304,-346,-319,-500,-300,-410,-377,-276,-313,-471,-500,-257,-325,-341,-389,-244,-378,-500,-169,-442,-278,-238,-338,-299,-260,-305,-299,-289,-500,-245,-222,-332,-220,-146,-231,-316,-376,-374,-260,-208,-267,-274,-241,-305,-258,-343,-202,-287,-346,-313,-217,-174,-278,-184,-217,-270,-314,-192,-314,-295,-200,-271,-472,-191,-342,-485,-169,-170,-341,-239,-252,-258,-270,-242,-330,-251,-332,-261,-328,-270,-261,-204,-333,-207,-335,-242,-269,-330,-228,-250,-215,-305,-346,-175,-186,-190,-163,-210,-183,-347,-288,-230,-285,-199,-191,-323,-258,-294,-153,-202,-287,-270,-253,-257,-190,-204,-332,-207,-219,-234,-192,-230,-213,-249,-224,-214,-223,-166,-216,-198,-206,-234,-136,-210,-166,-167,-157,-215,-170,-223,-296,-188,-238,-206,-192,-154,-213,-169,-230,-174,-167,-193,-159,-239,-141,-163,-199,-152,-189,-221,-164,-210,-202,-218,-175,-215,-167,-148,-146,-132,-176,-216,-285,-242,-161,-152,-177,-172,-265,-279,-265,-158,-187,-193,-144,-169,-151,-148,-163,-176,-150,-190,-185,-176,-205,-185,-191,-172,-158,-203,-180,-148,-153,-172,-283,-184,-201,-432,-229,-161,-173,-188,-291,-147,-109,-187,-241,-121,-189,-166,-173,-153,-159,-195,-183,-150,-166,-189,-116,-167,-161,-131,-105,-162,-203,-175,-177,-157,-149,-159,-159,-176,-203,-164,-172,-169,-126,-177,-127,-148,-125,-152,-131,-231,-155,-117,-182,-136,-215,-194,-123,-211,-105,-195,-127,-217,-191,-174,-118,-177,-134,-113,-150,-147,-147,-116,-207,-123,-175,-182,-151,-133,-187,-123,-152
